{"commit":"ebe35af5ba78090fd351ed427ecaafac003e0331","pagesAndArtboards":{"6A1BC7B7-954C-427C-8102-8056E4A0C4D0":{"name":"Page 2","artboards":{}},"8052367B-501D-41E7-B26A-9C0F9446449E":{"name":"Page 4","artboards":{}},"18D19543-B597-4045-B82F-91E79F5F39F8":{"name":"Page 3","artboards":{}},"2979EA7D-71E8-45BA-A7B0-CB18E7BCCCD9":{"name":"Page 1","artboards":{}},"792D3F1D-FF34-4EBE-B0EA-5B7CB0D5D847":{"name":"Page 5","artboards":{}}},"version":121,"fonts":[],"compatibilityVersion":99,"app":"com.bohemiancoding.sketch3","autosaved":0,"variant":"NONAPPSTORE","created":{"commit":"ebe35af5ba78090fd351ed427ecaafac003e0331","appVersion":"59.1","build":86144,"app":"com.bohemiancoding.sketch3","compatibilityVersion":99,"version":121,"variant":"NONAPPSTORE"},"saveHistory":["NONAPPSTORE.86144"],"appVersion":"59.1","build":86144}