{"_class":"page","do_objectID":"A8F8BCB1-0105-4D89-ABDA-8179B62C0670","booleanOperation":-1,"isFixedToViewport":false,"isFlippedHorizontal":false,"isFlippedVertical":false,"isLocked":false,"isVisible":true,"layerListExpandedType":0,"maintainScrollPosition":false,"name":"Page 2","nameIsFixed":false,"resizingConstraint":63,"resizingType":0,"rotation":0,"shouldBreakMaskChain":false,"exportOptions":{"_class":"exportOptions","includedLayerIds":[],"layerOptions":0,"shouldTrim":false,"exportFormats":[]},"frame":{"_class":"rect","constrainProportions":false,"height":0,"width":0,"x":0,"y":0},"clippingMaskMode":0,"hasClippingMask":false,"style":{"_class":"style","do_objectID":"46C63406-3989-484C-BC86-24284F1C6A9B","endMarkerType":0,"miterLimit":10,"startMarkerType":0,"windingRule":1,"blur":{"_class":"blur","isEnabled":false,"center":"{0.5, 0.5}","motionAngle":0,"radius":10,"saturation":1,"type":0},"borderOptions":{"_class":"borderOptions","isEnabled":true,"dashPattern":[],"lineCapStyle":0,"lineJoinStyle":0},"borders":[],"colorControls":{"_class":"colorControls","isEnabled":false,"brightness":0,"contrast":1,"hue":0,"saturation":1},"contextSettings":{"_class":"graphicsContextSettings","blendMode":0,"opacity":1},"fills":[],"innerShadows":[],"shadows":[]},"hasClickThrough":true,"groupLayout":{"_class":"MSImmutableFreeformGroupLayout"},"layers":[{"_class":"shapePath","do_objectID":"C6425FCF-DC98-4C66-BD15-25F0482D1936","booleanOperation":-1,"isFixedToViewport":false,"isFlippedHorizontal":false,"isFlippedVertical":false,"isLocked":false,"isVisible":true,"layerListExpandedType":0,"maintainScrollPosition":false,"name":"Path","nameIsFixed":false,"resizingConstraint":63,"resizingType":0,"rotation":0,"shouldBreakMaskChain":false,"exportOptions":{"_class":"exportOptions","includedLayerIds":[],"layerOptions":0,"shouldTrim":false,"exportFormats":[{"_class":"exportFormat","absoluteSize":0,"fileFormat":"svg","name":"","namingScheme":0,"scale":1,"visibleScaleType":0}]},"frame":{"_class":"rect","constrainProportions":false,"height":46.70153716937926,"width":75.37540726801117,"x":-307.28125,"y":-263.5969289072216},"clippingMaskMode":0,"hasClippingMask":false,"style":{"_class":"style","do_objectID":"6BAECC44-4CF1-47B0-B305-463C4377E3B9","endMarkerType":0,"miterLimit":10,"startMarkerType":0,"windingRule":1,"blur":{"_class":"blur","isEnabled":false,"center":"{0.5, 0.5}","motionAngle":0,"radius":10,"saturation":1,"type":0},"borderOptions":{"_class":"borderOptions","isEnabled":true,"dashPattern":[],"lineCapStyle":0,"lineJoinStyle":0},"borders":[{"_class":"border","isEnabled":true,"fillType":0,"color":{"_class":"color","alpha":1,"blue":0.592,"green":0.592,"red":0.592},"contextSettings":{"_class":"graphicsContextSettings","blendMode":0,"opacity":1},"gradient":{"_class":"gradient","elipseLength":0,"from":"{0.5, 0}","gradientType":0,"to":"{0.5, 1}","stops":[{"_class":"gradientStop","position":0,"color":{"_class":"color","alpha":1,"blue":1,"green":1,"red":1}},{"_class":"gradientStop","position":1,"color":{"_class":"color","alpha":1,"blue":0,"green":0,"red":0}}]},"position":0,"thickness":1}],"colorControls":{"_class":"colorControls","isEnabled":false,"brightness":0,"contrast":1,"hue":0,"saturation":1},"contextSettings":{"_class":"graphicsContextSettings","blendMode":0,"opacity":1},"fills":[{"_class":"fill","isEnabled":false,"fillType":0,"color":{"_class":"color","alpha":1,"blue":0.847,"green":0.847,"red":0.847},"contextSettings":{"_class":"graphicsContextSettings","blendMode":0,"opacity":1},"gradient":{"_class":"gradient","elipseLength":0,"from":"{0.5, 0}","gradientType":0,"to":"{0.5, 1}","stops":[{"_class":"gradientStop","position":0,"color":{"_class":"color","alpha":1,"blue":1,"green":1,"red":1}},{"_class":"gradientStop","position":1,"color":{"_class":"color","alpha":1,"blue":0,"green":0,"red":0}}]},"noiseIndex":0,"noiseIntensity":0,"patternFillType":1,"patternTileScale":1}],"innerShadows":[],"shadows":[]},"edited":true,"isClosed":false,"pointRadiusBehaviour":1,"points":[{"_class":"curvePoint","cornerRadius":0,"curveFrom":"{0.078836242646790733, -0.15947128316211803}","curveMode":4,"curveTo":"{0, 0.53362585404494189}","hasCurveFrom":true,"hasCurveTo":false,"point":"{0, 0.53362585404494189}"},{"_class":"curvePoint","cornerRadius":0,"curveFrom":"{0.59399341716604392, 0.56485663881464143}","curveMode":3,"curveTo":"{0.31587154011802909, -0.15699656720891395}","hasCurveFrom":true,"hasCurveTo":true,"point":"{0.53922801512011564, 0.42271542552491054}"},{"_class":"curvePoint","cornerRadius":0,"curveFrom":"{0.5760688481736812, 0.89987735012240633}","curveMode":3,"curveTo":"{0.58773283273641486, 0.70016001643135684}","hasCurveFrom":true,"hasCurveTo":true,"point":"{0.57799231644734739, 0.86694263960476237}"},{"_class":"curvePoint","cornerRadius":0,"curveFrom":"{0.58830427156746179, 1.0018696513963237}","curveMode":3,"curveTo":"{0.53992518839885484, 0.93873620256300705}","hasCurveFrom":true,"hasCurveTo":true,"point":"{0.55586349737418161, 0.95953528241899622}"},{"_class":"curvePoint","cornerRadius":0,"curveFrom":"{0.90612317864776915, 1.0213448971797632}","curveMode":3,"curveTo":"{0.63704970015939222, 0.99413511815113009}","hasCurveFrom":true,"hasCurveTo":true,"point":"{0.67868621682008978, 0.99834556811529662}"},{"_class":"curvePoint","cornerRadius":0,"curveFrom":"{0.97008283695744768, 0.29764021485389824}","curveMode":3,"curveTo":"{1.0422230660045779, 0.80326121148633989}","hasCurveFrom":true,"hasCurveTo":true,"point":"{0.98817874025087593, 0.42447192552409652}"},{"_class":"curvePoint","cornerRadius":0,"curveFrom":"{0.78456251041839786, 0.19788342562910152}","curveMode":4,"curveTo":"{0.81901604940750805, 0.22622162701671913}","hasCurveFrom":false,"hasCurveTo":true,"point":"{0.78456251041839786, 0.19788342562910152}"}]},{"_class":"shapePath","do_objectID":"AEBC454E-7884-41D0-8639-2973CC5D230A","booleanOperation":0,"isFixedToViewport":false,"isFlippedHorizontal":false,"isFlippedVertical":false,"isLocked":false,"isVisible":true,"layerListExpandedType":0,"maintainScrollPosition":false,"name":"Path 2","nameIsFixed":false,"resizingConstraint":63,"resizingType":0,"rotation":0,"shouldBreakMaskChain":false,"exportOptions":{"_class":"exportOptions","includedLayerIds":[],"layerOptions":0,"shouldTrim":false,"exportFormats":[{"_class":"exportFormat","absoluteSize":0,"fileFormat":"svg","name":"","namingScheme":0,"scale":1,"visibleScaleType":0}]},"frame":{"_class":"rect","constrainProportions":false,"height":76.44140624999999,"width":238.7440733709556,"x":-332.0214171209556,"y":-126.5703125},"clippingMaskMode":0,"hasClippingMask":false,"style":{"_class":"style","do_objectID":"FDA25E53-3BFD-4674-B3B0-D20E6606823B","endMarkerType":0,"miterLimit":10,"startMarkerType":0,"windingRule":1,"blur":{"_class":"blur","isEnabled":false,"center":"{0.5, 0.5}","motionAngle":0,"radius":10,"saturation":1,"type":0},"borderOptions":{"_class":"borderOptions","isEnabled":true,"dashPattern":[],"lineCapStyle":0,"lineJoinStyle":0},"borders":[{"_class":"border","isEnabled":true,"fillType":0,"color":{"_class":"color","alpha":1,"blue":0.592,"green":0.592,"red":0.592},"contextSettings":{"_class":"graphicsContextSettings","blendMode":0,"opacity":1},"gradient":{"_class":"gradient","elipseLength":0,"from":"{0.5, 0}","gradientType":0,"to":"{0.5, 1}","stops":[{"_class":"gradientStop","position":0,"color":{"_class":"color","alpha":1,"blue":1,"green":1,"red":1}},{"_class":"gradientStop","position":1,"color":{"_class":"color","alpha":1,"blue":0,"green":0,"red":0}}]},"position":0,"thickness":1}],"colorControls":{"_class":"colorControls","isEnabled":false,"brightness":0,"contrast":1,"hue":0,"saturation":1},"contextSettings":{"_class":"graphicsContextSettings","blendMode":0,"opacity":1},"fills":[{"_class":"fill","isEnabled":false,"fillType":0,"color":{"_class":"color","alpha":1,"blue":0.847,"green":0.847,"red":0.847},"contextSettings":{"_class":"graphicsContextSettings","blendMode":0,"opacity":1},"gradient":{"_class":"gradient","elipseLength":0,"from":"{0.5, 0}","gradientType":0,"to":"{0.5, 1}","stops":[{"_class":"gradientStop","position":0,"color":{"_class":"color","alpha":1,"blue":1,"green":1,"red":1}},{"_class":"gradientStop","position":1,"color":{"_class":"color","alpha":1,"blue":0,"green":0,"red":0}}]},"noiseIndex":0,"noiseIntensity":0,"patternFillType":1,"patternTileScale":1}],"innerShadows":[],"shadows":[]},"edited":true,"isClosed":true,"pointRadiusBehaviour":1,"points":[{"_class":"curvePoint","cornerRadius":0,"curveFrom":"{0.364398489112565, 8.6736173798840355e-19}","curveMode":2,"curveTo":"{-0.20642719914755397, 1.1015494072452725e-16}","hasCurveFrom":true,"hasCurveTo":true,"point":"{0.078985644982505529, 8.6736173798840355e-19}"},{"_class":"curvePoint","cornerRadius":0,"curveFrom":"{0.70118695411905108, 8.6736173798840355e-19}","curveMode":1,"curveTo":"{0.70118695411905108, 8.6736173798840355e-19}","hasCurveFrom":false,"hasCurveTo":false,"point":"{0.70118695411905108, 8.6736173798840355e-19}"},{"_class":"curvePoint","cornerRadius":0,"curveFrom":"{1.0000000000000002, 8.6736173798840355e-19}","curveMode":1,"curveTo":"{1.0000000000000002, 8.6736173798840355e-19}","hasCurveFrom":false,"hasCurveTo":false,"point":"{1.0000000000000002, 8.6736173798840355e-19}"},{"_class":"curvePoint","cornerRadius":0,"curveFrom":"{0.70118695411905096, 1.0000000000000002}","curveMode":1,"curveTo":"{0.70118695411905096, 1.0000000000000002}","hasCurveFrom":false,"hasCurveTo":false,"point":"{0.70118695411905096, 1.0000000000000002}"},{"_class":"curvePoint","cornerRadius":0,"curveFrom":"{0.35302713353641318, 0.79922326128059706}","curveMode":1,"curveTo":"{0.35302713353641318, 0.79922326128059706}","hasCurveFrom":false,"hasCurveTo":false,"point":"{0.35302713353641318, 0.79922326128059706}"},{"_class":"curvePoint","cornerRadius":0,"curveFrom":"{0.53949282249125274, 0.50000000000000011}","curveMode":1,"curveTo":"{0.53949282249125274, 0.50000000000000011}","hasCurveFrom":false,"hasCurveTo":false,"point":"{0.53949282249125274, 0.50000000000000011}"}]},{"_class":"shapePath","do_objectID":"38BDFDF1-0FA3-41B6-8CC2-758F85C3DE4E","booleanOperation":0,"isFixedToViewport":false,"isFlippedHorizontal":false,"isFlippedVertical":false,"isLocked":false,"isVisible":true,"layerListExpandedType":0,"maintainScrollPosition":false,"name":"Path 3","nameIsFixed":false,"resizingConstraint":63,"resizingType":0,"rotation":0,"shouldBreakMaskChain":false,"exportOptions":{"_class":"exportOptions","includedLayerIds":[],"layerOptions":0,"shouldTrim":false,"exportFormats":[]},"frame":{"_class":"rect","constrainProportions":false,"height":109.5,"width":136.1279633145222,"x":-348.77734375,"y":18.44140625},"clippingMaskMode":0,"hasClippingMask":false,"style":{"_class":"style","do_objectID":"103D9500-219F-41A3-9C39-120F854C2306","endMarkerType":0,"miterLimit":10,"startMarkerType":0,"windingRule":1,"blur":{"_class":"blur","isEnabled":false,"center":"{0.5, 0.5}","motionAngle":0,"radius":10,"saturation":1,"type":0},"borderOptions":{"_class":"borderOptions","isEnabled":true,"dashPattern":[],"lineCapStyle":0,"lineJoinStyle":0},"borders":[{"_class":"border","isEnabled":true,"fillType":0,"color":{"_class":"color","alpha":1,"blue":0.592,"green":0.592,"red":0.592},"contextSettings":{"_class":"graphicsContextSettings","blendMode":0,"opacity":1},"gradient":{"_class":"gradient","elipseLength":0,"from":"{0.5, 0}","gradientType":0,"to":"{0.5, 1}","stops":[{"_class":"gradientStop","position":0,"color":{"_class":"color","alpha":1,"blue":1,"green":1,"red":1}},{"_class":"gradientStop","position":1,"color":{"_class":"color","alpha":1,"blue":0,"green":0,"red":0}}]},"position":0,"thickness":1}],"colorControls":{"_class":"colorControls","isEnabled":false,"brightness":0,"contrast":1,"hue":0,"saturation":1},"contextSettings":{"_class":"graphicsContextSettings","blendMode":0,"opacity":1},"fills":[{"_class":"fill","isEnabled":false,"fillType":0,"color":{"_class":"color","alpha":1,"blue":0.847,"green":0.847,"red":0.847},"contextSettings":{"_class":"graphicsContextSettings","blendMode":0,"opacity":1},"gradient":{"_class":"gradient","elipseLength":0,"from":"{0.5, 0}","gradientType":0,"to":"{0.5, 1}","stops":[{"_class":"gradientStop","position":0,"color":{"_class":"color","alpha":1,"blue":1,"green":1,"red":1}},{"_class":"gradientStop","position":1,"color":{"_class":"color","alpha":1,"blue":0,"green":0,"red":0}}]},"noiseIndex":0,"noiseIntensity":0,"patternFillType":1,"patternTileScale":1}],"innerShadows":[],"shadows":[]},"edited":true,"isClosed":true,"pointRadiusBehaviour":1,"points":[{"_class":"curvePoint","cornerRadius":0,"curveFrom":"{0.30483151837160544, 0}","curveMode":1,"curveTo":"{0.30483151837160544, 0}","hasCurveFrom":false,"hasCurveTo":false,"point":"{0.30483151837160544, 0}"},{"_class":"curvePoint","cornerRadius":0,"curveFrom":"{1, 0.14779537671232873}","curveMode":1,"curveTo":"{1, 0.14779537671232873}","hasCurveFrom":false,"hasCurveTo":false,"point":"{1, 0.14779537671232873}"},{"_class":"curvePoint","cornerRadius":0,"curveFrom":"{1, 0.99999999999999978}","curveMode":1,"curveTo":"{1, 0.99999999999999978}","hasCurveFrom":false,"hasCurveTo":false,"point":"{1, 0.99999999999999978}"},{"_class":"curvePoint","cornerRadius":0,"curveFrom":"{0.2357329307561648, 0.92865296803652952}","curveMode":1,"curveTo":"{0.2357329307561648, 0.92865296803652952}","hasCurveFrom":false,"hasCurveTo":false,"point":"{0.2357329307561648, 0.92865296803652952}"},{"_class":"curvePoint","cornerRadius":0,"curveFrom":"{0, 0.5730593607305936}","curveMode":1,"curveTo":"{0, 0.5730593607305936}","hasCurveFrom":false,"hasCurveTo":false,"point":"{0, 0.5730593607305936}"},{"_class":"curvePoint","cornerRadius":0,"curveFrom":"{0.50000000000000022, 0.5730593607305936}","curveMode":1,"curveTo":"{0.50000000000000022, 0.5730593607305936}","hasCurveFrom":false,"hasCurveTo":false,"point":"{0.50000000000000022, 0.5730593607305936}"},{"_class":"curvePoint","cornerRadius":0,"curveFrom":"{0, 0.14779537671232876}","curveMode":1,"curveTo":"{0, 0.14779537671232876}","hasCurveFrom":false,"hasCurveTo":false,"point":"{0, 0.14779537671232876}"}]},{"_class":"shapePath","do_objectID":"C816D545-A222-445D-AA2A-0A89687D8BAF","booleanOperation":0,"isFixedToViewport":false,"isFlippedHorizontal":false,"isFlippedVertical":false,"isLocked":false,"isVisible":true,"layerListExpandedType":0,"maintainScrollPosition":false,"name":"Path 4","nameIsFixed":false,"resizingConstraint":63,"resizingType":0,"rotation":0,"shouldBreakMaskChain":false,"exportOptions":{"_class":"exportOptions","includedLayerIds":[],"layerOptions":0,"shouldTrim":false,"exportFormats":[]},"frame":{"_class":"rect","constrainProportions":false,"height":77.55078124999999,"width":170.5409483709555,"x":-332.0214171209556,"y":188.33203125},"clippingMaskMode":0,"hasClippingMask":false,"style":{"_class":"style","do_objectID":"CB1A4832-F0EC-4BF4-A379-7543B087B187","endMarkerType":0,"miterLimit":10,"startMarkerType":0,"windingRule":1,"blur":{"_class":"blur","isEnabled":false,"center":"{0.5, 0.5}","motionAngle":0,"radius":10,"saturation":1,"type":0},"borderOptions":{"_class":"borderOptions","isEnabled":true,"dashPattern":[],"lineCapStyle":0,"lineJoinStyle":0},"borders":[{"_class":"border","isEnabled":true,"fillType":0,"color":{"_class":"color","alpha":1,"blue":0.592,"green":0.592,"red":0.592},"contextSettings":{"_class":"graphicsContextSettings","blendMode":0,"opacity":1},"gradient":{"_class":"gradient","elipseLength":0,"from":"{0.5, 0}","gradientType":0,"to":"{0.5, 1}","stops":[{"_class":"gradientStop","position":0,"color":{"_class":"color","alpha":1,"blue":1,"green":1,"red":1}},{"_class":"gradientStop","position":1,"color":{"_class":"color","alpha":1,"blue":0,"green":0,"red":0}}]},"position":0,"thickness":1}],"colorControls":{"_class":"colorControls","isEnabled":false,"brightness":0,"contrast":1,"hue":0,"saturation":1},"contextSettings":{"_class":"graphicsContextSettings","blendMode":0,"opacity":1},"fills":[{"_class":"fill","isEnabled":false,"fillType":0,"color":{"_class":"color","alpha":1,"blue":0.847,"green":0.847,"red":0.847},"contextSettings":{"_class":"graphicsContextSettings","blendMode":0,"opacity":1},"gradient":{"_class":"gradient","elipseLength":0,"from":"{0.5, 0}","gradientType":0,"to":"{0.5, 1}","stops":[{"_class":"gradientStop","position":0,"color":{"_class":"color","alpha":1,"blue":1,"green":1,"red":1}},{"_class":"gradientStop","position":1,"color":{"_class":"color","alpha":1,"blue":0,"green":0,"red":0}}]},"noiseIndex":0,"noiseIntensity":0,"patternFillType":1,"patternTileScale":1}],"innerShadows":[],"shadows":[]},"edited":true,"isClosed":false,"pointRadiusBehaviour":1,"points":[{"_class":"curvePoint","cornerRadius":0,"curveFrom":"{0.19362776079535979, 0}","curveMode":1,"curveTo":"{0, 0}","hasCurveFrom":false,"hasCurveTo":false,"point":"{0, 0}"},{"_class":"curvePoint","cornerRadius":0,"curveFrom":"{0.79202972508679592, 0.29043469500831176}","curveMode":1,"curveTo":"{0.45258074175876789, 0.29043469500831176}","hasCurveFrom":false,"hasCurveTo":false,"point":"{0.64620850255412821, 0.29043469500831176}"},{"_class":"curvePoint","cornerRadius":0,"curveFrom":"{1, 1.0000000000000004}","curveMode":1,"curveTo":"{0.85417877746733339, 1.0000000000000004}","hasCurveFrom":false,"hasCurveTo":false,"point":"{1, 1.0000000000000004}"}]},{"_class":"artboard","do_objectID":"FE550663-A3A8-43C7-B62B-06D3F8430A6F","booleanOperation":-1,"isFixedToViewport":false,"isFlippedHorizontal":false,"isFlippedVertical":false,"isLocked":false,"isVisible":true,"layerListExpandedType":0,"maintainScrollPosition":false,"name":"Artboard123","nameIsFixed":true,"resizingConstraint":63,"resizingType":0,"rotation":0,"shouldBreakMaskChain":true,"exportOptions":{"_class":"exportOptions","includedLayerIds":[],"layerOptions":0,"shouldTrim":false,"exportFormats":[]},"frame":{"_class":"rect","constrainProportions":false,"height":222,"width":162,"x":23,"y":-212},"clippingMaskMode":0,"hasClippingMask":false,"style":{"_class":"style","do_objectID":"6F548EDC-9B40-4E21-A1CB-8D0E6132B241","endMarkerType":0,"miterLimit":10,"startMarkerType":0,"windingRule":1,"blur":{"_class":"blur","isEnabled":false,"center":"{0.5, 0.5}","motionAngle":0,"radius":10,"saturation":1,"type":0},"borderOptions":{"_class":"borderOptions","isEnabled":true,"dashPattern":[],"lineCapStyle":0,"lineJoinStyle":0},"borders":[],"colorControls":{"_class":"colorControls","isEnabled":false,"brightness":0,"contrast":1,"hue":0,"saturation":1},"contextSettings":{"_class":"graphicsContextSettings","blendMode":0,"opacity":1},"fills":[],"innerShadows":[],"shadows":[]},"hasClickThrough":false,"groupLayout":{"_class":"MSImmutableFreeformGroupLayout"},"layers":[],"hasBackgroundColor":false,"includeBackgroundColorInExport":true,"includeInCloudUpload":true,"isFlowHome":false,"presetDictionary":{},"resizesContent":false,"backgroundColor":{"_class":"color","alpha":1,"blue":1,"green":1,"red":1},"horizontalRulerData":{"_class":"rulerData","base":0,"guides":[]},"verticalRulerData":{"_class":"rulerData","base":0,"guides":[]}}],"includeInCloudUpload":true,"horizontalRulerData":{"_class":"rulerData","base":-379,"guides":[]},"verticalRulerData":{"_class":"rulerData","base":-352,"guides":[]}}