{"_class":"document","do_objectID":"F9855BF3-444F-4B53-B66E-FA8027958143","colorSpace":0,"currentPageIndex":1,"assets":{"_class":"assetCollection","do_objectID":"B7B859A1-DBD8-4DBD-A676-1482C8F710E8","images":[],"colorAssets":[],"exportPresets":[],"gradientAssets":[],"imageCollection":{"_class":"imageCollection","images":{}},"colors":[],"gradients":[]},"foreignLayerStyles":[],"foreignSymbols":[],"foreignTextStyles":[],"layerStyles":{"_class":"sharedStyleContainer","objects":[]},"layerSymbols":{"_class":"symbolContainer","objects":[]},"layerTextStyles":{"_class":"sharedTextStyleContainer","objects":[]},"pages":[{"_class":"MSJSONFileReference","_ref_class":"MSImmutablePage","_ref":"pages\/6A0DAC64-A4B5-422A-80DA-1E564F4DCAAA"},{"_class":"MSJSONFileReference","_ref_class":"MSImmutablePage","_ref":"pages\/B0E99B09-BB62-49E8-B22C-9267C1A0135C"}]}