{"commit":"ebe35af5ba78090fd351ed427ecaafac003e0331","pagesAndArtboards":{"6A0DAC64-A4B5-422A-80DA-1E564F4DCAAA":{"name":"Page 1","artboards":{}},"B0E99B09-BB62-49E8-B22C-9267C1A0135C":{"name":"Page 2","artboards":{}}},"version":121,"fonts":[],"compatibilityVersion":99,"app":"com.bohemiancoding.sketch3","autosaved":0,"variant":"NONAPPSTORE","created":{"commit":"ebe35af5ba78090fd351ed427ecaafac003e0331","appVersion":"59.1","build":86144,"app":"com.bohemiancoding.sketch3","compatibilityVersion":99,"version":121,"variant":"NONAPPSTORE"},"saveHistory":["NONAPPSTORE.86144"],"appVersion":"59.1","build":86144}