{"_class":"document","do_objectID":"68BF975E-F848-40A6-9268-564ACFABFE44","colorSpace":0,"currentPageIndex":1,"assets":{"_class":"assetCollection","do_objectID":"1DB2558E-643E-4E76-81A5-FEBC558A636C","images":[],"colorAssets":[],"exportPresets":[],"gradientAssets":[],"imageCollection":{"_class":"imageCollection","images":{}},"colors":[],"gradients":[]},"foreignLayerStyles":[],"foreignSymbols":[],"foreignTextStyles":[],"layerStyles":{"_class":"sharedStyleContainer","objects":[]},"layerSymbols":{"_class":"symbolContainer","objects":[]},"layerTextStyles":{"_class":"sharedTextStyleContainer","objects":[]},"pages":[{"_class":"MSJSONFileReference","_ref_class":"MSImmutablePage","_ref":"pages\/15062A7C-30E3-47EB-B3ED-DE40BAC3DFA9"},{"_class":"MSJSONFileReference","_ref_class":"MSImmutablePage","_ref":"pages\/651C240E-5886-4DC3-AE25-F5111B8C4FEE"}]}