{"commit":"ebe35af5ba78090fd351ed427ecaafac003e0331","pagesAndArtboards":{"15062A7C-30E3-47EB-B3ED-DE40BAC3DFA9":{"name":"Page 1","artboards":{}},"651C240E-5886-4DC3-AE25-F5111B8C4FEE":{"name":"Symbols","artboards":{"AF4BDF22-41BA-4A03-A1F2-6A381638B36B":{"name":"1"}}}},"version":121,"fonts":[],"compatibilityVersion":99,"app":"com.bohemiancoding.sketch3","autosaved":0,"variant":"NONAPPSTORE","created":{"commit":"ebe35af5ba78090fd351ed427ecaafac003e0331","appVersion":"59.1","build":86144,"app":"com.bohemiancoding.sketch3","compatibilityVersion":99,"version":121,"variant":"NONAPPSTORE"},"saveHistory":["NONAPPSTORE.86144"],"appVersion":"59.1","build":86144}