{"_class":"document","do_objectID":"12377970-B8C8-43FC-9058-20954DC434C6","colorSpace":0,"currentPageIndex":0,"assets":{"_class":"assetCollection","do_objectID":"9F81EA04-A495-453E-919B-F93F4BB1F0BB","images":[],"colorAssets":[],"exportPresets":[],"gradientAssets":[],"imageCollection":{"_class":"imageCollection","images":{}},"colors":[],"gradients":[]},"foreignLayerStyles":[],"foreignSymbols":[],"foreignTextStyles":[{"_class":"MSImmutableForeignTextStyle","do_objectID":"95DD3533-2EEE-4FC2-AD4B-6AB1DFF14B1F","libraryID":"AE58C55E-286F-413D-A815-83440005238C","sourceLibraryName":"Kitchen-Humaaans","symbolPrivate":false,"remoteStyleID":"E46C83C6-B1FC-4864-8657-EF092DA4B394","localSharedStyle":{"_class":"sharedStyle","do_objectID":"892844EB-2A9D-4D62-855C-08494AC31FE7","name":"h1\/Regular","value":{"_class":"style","do_objectID":"2E8C7405-2196-4BBF-B823-6592957F6B55","endMarkerType":0,"miterLimit":10,"startMarkerType":0,"windingRule":1,"blur":{"_class":"blur","isEnabled":false,"center":"{0.5, 0.5}","motionAngle":0,"radius":10,"saturation":1,"type":0},"borderOptions":{"_class":"borderOptions","isEnabled":true,"dashPattern":[],"lineCapStyle":0,"lineJoinStyle":0},"borders":[],"colorControls":{"_class":"colorControls","isEnabled":false,"brightness":0,"contrast":1,"hue":0,"saturation":1},"contextSettings":{"_class":"graphicsContextSettings","blendMode":0,"opacity":1},"fills":[],"innerShadows":[],"shadows":[],"textStyle":{"_class":"textStyle","encodedAttributes":{"MSAttributedStringFontAttribute":{"_class":"fontDescriptor","attributes":{"name":"ArialMT","size":104}},"MSAttributedStringColorAttribute":{"_class":"color","alpha":1,"blue":0.2115752551020408,"green":0.06713574027503995,"red":0.1831681630215947},"textStyleVerticalAlignmentKey":1,"paragraphStyle":{"_class":"paragraphStyle","alignment":2,"allowsDefaultTighteningForTruncation":0},"kerning":-0.7878788},"verticalAlignment":1}}}}],"layerStyles":{"_class":"sharedStyleContainer","objects":[]},"layerSymbols":{"_class":"symbolContainer","objects":[]},"layerTextStyles":{"_class":"sharedTextStyleContainer","objects":[]},"pages":[{"_class":"MSJSONFileReference","_ref_class":"MSImmutablePage","_ref":"pages\/AB5E60B7-FC0E-4F7F-BF85-2D1EDB04CE9C"}]}