{"_class":"document","do_objectID":"3DE95421-6E20-462D-9571-D44081EC1F66","colorSpace":0,"currentPageIndex":1,"assets":{"_class":"assetCollection","do_objectID":"FD37B917-409E-4FEE-AB4F-5BA8BB66D625","images":[],"colorAssets":[],"exportPresets":[],"gradientAssets":[],"imageCollection":{"_class":"imageCollection","images":{}},"colors":[],"gradients":[]},"foreignLayerStyles":[],"foreignSymbols":[],"foreignTextStyles":[],"layerStyles":{"_class":"sharedStyleContainer","objects":[]},"layerSymbols":{"_class":"symbolContainer","objects":[]},"layerTextStyles":{"_class":"sharedTextStyleContainer","objects":[]},"pages":[{"_class":"MSJSONFileReference","_ref_class":"MSImmutablePage","_ref":"pages\/41EB52E5-5692-412F-A66B-7C45409AFBE8"},{"_class":"MSJSONFileReference","_ref_class":"MSImmutablePage","_ref":"pages\/C928E43D-4132-4036-97E4-9FDE83456FBC"}]}