{"_class":"page","do_objectID":"651C240E-5886-4DC3-AE25-F5111B8C4FEE","booleanOperation":-1,"isFixedToViewport":false,"isFlippedHorizontal":false,"isFlippedVertical":false,"isLocked":false,"isVisible":true,"layerListExpandedType":0,"maintainScrollPosition":false,"name":"Symbols","nameIsFixed":false,"resizingConstraint":63,"resizingType":0,"rotation":0,"shouldBreakMaskChain":false,"exportOptions":{"_class":"exportOptions","includedLayerIds":[],"layerOptions":0,"shouldTrim":false,"exportFormats":[]},"frame":{"_class":"rect","constrainProportions":false,"height":0,"width":0,"x":0,"y":0},"clippingMaskMode":0,"hasClippingMask":false,"style":{"_class":"style","do_objectID":"734C0AE5-F0AC-4704-9C02-2945CA9A0569","endMarkerType":0,"miterLimit":10,"startMarkerType":0,"windingRule":1,"blur":{"_class":"blur","isEnabled":false,"center":"{0.5, 0.5}","motionAngle":0,"radius":10,"saturation":1,"type":0},"borderOptions":{"_class":"borderOptions","isEnabled":true,"dashPattern":[],"lineCapStyle":0,"lineJoinStyle":0},"borders":[],"colorControls":{"_class":"colorControls","isEnabled":false,"brightness":0,"contrast":1,"hue":0,"saturation":1},"contextSettings":{"_class":"graphicsContextSettings","blendMode":0,"opacity":1},"fills":[],"innerShadows":[],"shadows":[]},"hasClickThrough":true,"groupLayout":{"_class":"MSImmutableFreeformGroupLayout"},"layers":[{"_class":"symbolMaster","do_objectID":"AF4BDF22-41BA-4A03-A1F2-6A381638B36B","booleanOperation":-1,"isFixedToViewport":false,"isFlippedHorizontal":false,"isFlippedVertical":false,"isLocked":false,"isVisible":true,"layerListExpandedType":0,"maintainScrollPosition":false,"name":"1","nameIsFixed":false,"resizingConstraint":63,"resizingType":0,"rotation":0,"shouldBreakMaskChain":true,"exportOptions":{"_class":"exportOptions","includedLayerIds":[],"layerOptions":0,"shouldTrim":false,"exportFormats":[]},"frame":{"_class":"rect","constrainProportions":false,"height":113,"width":130,"x":100,"y":0},"clippingMaskMode":0,"hasClippingMask":false,"style":{"_class":"style","do_objectID":"A63589CD-3E6D-4433-AFAB-617E4C64D38A","endMarkerType":0,"miterLimit":10,"startMarkerType":0,"windingRule":1,"blur":{"_class":"blur","isEnabled":false,"center":"{0.5, 0.5}","motionAngle":0,"radius":10,"saturation":1,"type":0},"borderOptions":{"_class":"borderOptions","isEnabled":true,"dashPattern":[],"lineCapStyle":0,"lineJoinStyle":0},"borders":[],"colorControls":{"_class":"colorControls","isEnabled":false,"brightness":0,"contrast":1,"hue":0,"saturation":1},"contextSettings":{"_class":"graphicsContextSettings","blendMode":0,"opacity":1},"fills":[],"innerShadows":[],"shadows":[]},"hasClickThrough":true,"groupLayout":{"_class":"MSImmutableFreeformGroupLayout"},"layers":[{"_class":"group","do_objectID":"7CC97ECD-7FD2-4F00-9B56-1C4749BC154D","booleanOperation":-1,"isFixedToViewport":false,"isFlippedHorizontal":false,"isFlippedVertical":false,"isLocked":false,"isVisible":true,"layerListExpandedType":0,"maintainScrollPosition":false,"name":"Group","nameIsFixed":false,"resizingConstraint":63,"resizingType":0,"rotation":0,"shouldBreakMaskChain":false,"exportOptions":{"_class":"exportOptions","includedLayerIds":[],"layerOptions":0,"shouldTrim":false,"exportFormats":[]},"frame":{"_class":"rect","constrainProportions":false,"height":113,"width":130,"x":0,"y":0},"clippingMaskMode":0,"hasClippingMask":false,"style":{"_class":"style","do_objectID":"08559E36-BD8D-4C8B-9950-AFBDD3646AD7","endMarkerType":0,"miterLimit":10,"startMarkerType":0,"windingRule":1,"blur":{"_class":"blur","isEnabled":false,"center":"{0.5, 0.5}","motionAngle":0,"radius":10,"saturation":1,"type":0},"borderOptions":{"_class":"borderOptions","isEnabled":true,"dashPattern":[],"lineCapStyle":0,"lineJoinStyle":0},"borders":[],"colorControls":{"_class":"colorControls","isEnabled":false,"brightness":0,"contrast":1,"hue":0,"saturation":1},"contextSettings":{"_class":"graphicsContextSettings","blendMode":0,"opacity":1},"fills":[],"innerShadows":[],"shadows":[]},"hasClickThrough":false,"groupLayout":{"_class":"MSImmutableFreeformGroupLayout"},"layers":[{"_class":"rectangle","do_objectID":"ECE0C3D0-5761-4ACE-B846-6E74F6F034FC","booleanOperation":-1,"isFixedToViewport":false,"isFlippedHorizontal":false,"isFlippedVertical":false,"isLocked":false,"isVisible":true,"layerListExpandedType":0,"maintainScrollPosition":false,"name":"Rectangle","nameIsFixed":false,"resizingConstraint":63,"resizingType":0,"rotation":0,"shouldBreakMaskChain":false,"exportOptions":{"_class":"exportOptions","includedLayerIds":[],"layerOptions":0,"shouldTrim":false,"exportFormats":[]},"frame":{"_class":"rect","constrainProportions":false,"height":67,"width":80,"x":0,"y":0},"clippingMaskMode":0,"hasClippingMask":false,"style":{"_class":"style","do_objectID":"68724A06-5475-47F1-ACE1-9C93B6812BB5","endMarkerType":0,"miterLimit":10,"startMarkerType":0,"windingRule":1,"blur":{"_class":"blur","isEnabled":false,"center":"{0.5, 0.5}","motionAngle":0,"radius":10,"saturation":1,"type":0},"borderOptions":{"_class":"borderOptions","isEnabled":true,"dashPattern":[],"lineCapStyle":0,"lineJoinStyle":0},"borders":[{"_class":"border","isEnabled":true,"fillType":0,"color":{"_class":"color","alpha":1,"blue":0.592,"green":0.592,"red":0.592},"contextSettings":{"_class":"graphicsContextSettings","blendMode":0,"opacity":1},"gradient":{"_class":"gradient","elipseLength":0,"from":"{0.5, 0}","gradientType":0,"to":"{0.5, 1}","stops":[{"_class":"gradientStop","position":0,"color":{"_class":"color","alpha":1,"blue":1,"green":1,"red":1}},{"_class":"gradientStop","position":1,"color":{"_class":"color","alpha":1,"blue":0,"green":0,"red":0}}]},"position":1,"thickness":1}],"colorControls":{"_class":"colorControls","isEnabled":false,"brightness":0,"contrast":1,"hue":0,"saturation":1},"contextSettings":{"_class":"graphicsContextSettings","blendMode":0,"opacity":1},"fills":[{"_class":"fill","isEnabled":true,"fillType":0,"color":{"_class":"color","alpha":1,"blue":0.847,"green":0.847,"red":0.847},"contextSettings":{"_class":"graphicsContextSettings","blendMode":0,"opacity":1},"gradient":{"_class":"gradient","elipseLength":0,"from":"{0.5, 0}","gradientType":0,"to":"{0.5, 1}","stops":[{"_class":"gradientStop","position":0,"color":{"_class":"color","alpha":1,"blue":1,"green":1,"red":1}},{"_class":"gradientStop","position":1,"color":{"_class":"color","alpha":1,"blue":0,"green":0,"red":0}}]},"noiseIndex":0,"noiseIntensity":0,"patternFillType":1,"patternTileScale":1}],"innerShadows":[],"shadows":[]},"edited":false,"isClosed":true,"pointRadiusBehaviour":1,"points":[{"_class":"curvePoint","cornerRadius":0,"curveFrom":"{0, 0}","curveMode":1,"curveTo":"{0, 0}","hasCurveFrom":false,"hasCurveTo":false,"point":"{0, 0}"},{"_class":"curvePoint","cornerRadius":0,"curveFrom":"{1, 0}","curveMode":1,"curveTo":"{1, 0}","hasCurveFrom":false,"hasCurveTo":false,"point":"{1, 0}"},{"_class":"curvePoint","cornerRadius":0,"curveFrom":"{1, 1}","curveMode":1,"curveTo":"{1, 1}","hasCurveFrom":false,"hasCurveTo":false,"point":"{1, 1}"},{"_class":"curvePoint","cornerRadius":0,"curveFrom":"{0, 1}","curveMode":1,"curveTo":"{0, 1}","hasCurveFrom":false,"hasCurveTo":false,"point":"{0, 1}"}],"fixedRadius":0,"needsConvertionToNewRoundCorners":false,"hasConvertedToNewRoundCorners":true},{"_class":"rectangle","do_objectID":"F2A659C5-68D4-446D-BFC8-A95750C7FD67","booleanOperation":-1,"isFixedToViewport":false,"isFlippedHorizontal":false,"isFlippedVertical":false,"isLocked":false,"isVisible":true,"layerListExpandedType":0,"maintainScrollPosition":false,"name":"Rectangle","nameIsFixed":false,"resizingConstraint":63,"resizingType":0,"rotation":0,"shouldBreakMaskChain":false,"exportOptions":{"_class":"exportOptions","includedLayerIds":[],"layerOptions":0,"shouldTrim":false,"exportFormats":[]},"frame":{"_class":"rect","constrainProportions":false,"height":67,"width":85,"x":45,"y":46},"clippingMaskMode":0,"hasClippingMask":false,"style":{"_class":"style","do_objectID":"A1F65F6E-945A-4EEE-8E03-972F0CA1624B","endMarkerType":0,"miterLimit":10,"startMarkerType":0,"windingRule":1,"blur":{"_class":"blur","isEnabled":false,"center":"{0.5, 0.5}","motionAngle":0,"radius":10,"saturation":1,"type":0},"borderOptions":{"_class":"borderOptions","isEnabled":true,"dashPattern":[],"lineCapStyle":0,"lineJoinStyle":0},"borders":[{"_class":"border","isEnabled":true,"fillType":0,"color":{"_class":"color","alpha":1,"blue":0.592,"green":0.592,"red":0.592},"contextSettings":{"_class":"graphicsContextSettings","blendMode":0,"opacity":1},"gradient":{"_class":"gradient","elipseLength":0,"from":"{0.5, 0}","gradientType":0,"to":"{0.5, 1}","stops":[{"_class":"gradientStop","position":0,"color":{"_class":"color","alpha":1,"blue":1,"green":1,"red":1}},{"_class":"gradientStop","position":1,"color":{"_class":"color","alpha":1,"blue":0,"green":0,"red":0}}]},"position":1,"thickness":1}],"colorControls":{"_class":"colorControls","isEnabled":false,"brightness":0,"contrast":1,"hue":0,"saturation":1},"contextSettings":{"_class":"graphicsContextSettings","blendMode":0,"opacity":1},"fills":[{"_class":"fill","isEnabled":true,"fillType":0,"color":{"_class":"color","alpha":1,"blue":0.847,"green":0.847,"red":0.847},"contextSettings":{"_class":"graphicsContextSettings","blendMode":0,"opacity":1},"gradient":{"_class":"gradient","elipseLength":0,"from":"{0.5, 0}","gradientType":0,"to":"{0.5, 1}","stops":[{"_class":"gradientStop","position":0,"color":{"_class":"color","alpha":1,"blue":1,"green":1,"red":1}},{"_class":"gradientStop","position":1,"color":{"_class":"color","alpha":1,"blue":0,"green":0,"red":0}}]},"noiseIndex":0,"noiseIntensity":0,"patternFillType":1,"patternTileScale":1}],"innerShadows":[],"shadows":[]},"edited":false,"isClosed":true,"pointRadiusBehaviour":1,"points":[{"_class":"curvePoint","cornerRadius":0,"curveFrom":"{0, 0}","curveMode":1,"curveTo":"{0, 0}","hasCurveFrom":false,"hasCurveTo":false,"point":"{0, 0}"},{"_class":"curvePoint","cornerRadius":0,"curveFrom":"{1, 0}","curveMode":1,"curveTo":"{1, 0}","hasCurveFrom":false,"hasCurveTo":false,"point":"{1, 0}"},{"_class":"curvePoint","cornerRadius":0,"curveFrom":"{1, 1}","curveMode":1,"curveTo":"{1, 1}","hasCurveFrom":false,"hasCurveTo":false,"point":"{1, 1}"},{"_class":"curvePoint","cornerRadius":0,"curveFrom":"{0, 1}","curveMode":1,"curveTo":"{0, 1}","hasCurveFrom":false,"hasCurveTo":false,"point":"{0, 1}"}],"fixedRadius":0,"needsConvertionToNewRoundCorners":false,"hasConvertedToNewRoundCorners":true}]}],"hasBackgroundColor":false,"includeBackgroundColorInExport":true,"includeInCloudUpload":true,"isFlowHome":false,"presetDictionary":{},"resizesContent":false,"backgroundColor":{"_class":"color","alpha":1,"blue":1,"green":1,"red":1},"horizontalRulerData":{"_class":"rulerData","base":0,"guides":[]},"verticalRulerData":{"_class":"rulerData","base":0,"guides":[]},"includeBackgroundColorInInstance":false,"symbolID":"D22118D2-E029-4459-B5AA-B5F01E44AFE1","changeIdentifier":3,"overrideProperties":[],"allowsOverrides":true}],"includeInCloudUpload":true,"horizontalRulerData":{"_class":"rulerData","base":-214,"guides":[]},"verticalRulerData":{"_class":"rulerData","base":-295,"guides":[]}}