{"_class":"document","do_objectID":"55F764C3-0322-4BE3-9154-2AFBFAB5710F","colorSpace":0,"currentPageIndex":4,"assets":{"_class":"assetCollection","do_objectID":"7D2C79BE-09ED-4383-B856-B85855703F7D","images":[],"colorAssets":[],"exportPresets":[],"gradientAssets":[],"imageCollection":{"_class":"imageCollection","images":{}},"colors":[],"gradients":[]},"foreignLayerStyles":[],"foreignSymbols":[],"foreignTextStyles":[],"layerStyles":{"_class":"sharedStyleContainer","objects":[]},"layerSymbols":{"_class":"symbolContainer","objects":[]},"layerTextStyles":{"_class":"sharedTextStyleContainer","objects":[]},"pages":[{"_class":"MSJSONFileReference","_ref_class":"MSImmutablePage","_ref":"pages\/7E2ACD66-2574-4191-BC49-A089F67BDBDE"},{"_class":"MSJSONFileReference","_ref_class":"MSImmutablePage","_ref":"pages\/59C297D8-E00E-45D9-A005-F472B94FF2C8"},{"_class":"MSJSONFileReference","_ref_class":"MSImmutablePage","_ref":"pages\/4652BCE3-69F2-44DB-B468-93884DA10233"},{"_class":"MSJSONFileReference","_ref_class":"MSImmutablePage","_ref":"pages\/74F2DF69-9381-40FC-BADA-0D1A5A38B3B7"},{"_class":"MSJSONFileReference","_ref_class":"MSImmutablePage","_ref":"pages\/ACE29277-C689-4258-8249-C95DE033C388"}]}