{"commit":"ebe35af5ba78090fd351ed427ecaafac003e0331","pagesAndArtboards":{"7E2ACD66-2574-4191-BC49-A089F67BDBDE":{"name":"alignment","artboards":{}},"74F2DF69-9381-40FC-BADA-0D1A5A38B3B7":{"name":"borders","artboards":{}},"59C297D8-E00E-45D9-A005-F472B94FF2C8":{"name":"flip","artboards":{}},"ACE29277-C689-4258-8249-C95DE033C388":{"name":"size","artboards":{}},"4652BCE3-69F2-44DB-B468-93884DA10233":{"name":"weight","artboards":{}}},"version":121,"fonts":["ArialMT","Arial-BoldMT","Arial-BoldItalicMT","Arial-ItalicMT","Arial-Black"],"compatibilityVersion":99,"app":"com.bohemiancoding.sketch3","autosaved":0,"variant":"NONAPPSTORE","created":{"commit":"ebe35af5ba78090fd351ed427ecaafac003e0331","appVersion":"59.1","build":86144,"app":"com.bohemiancoding.sketch3","compatibilityVersion":99,"version":121,"variant":"NONAPPSTORE"},"saveHistory":["NONAPPSTORE.86144"],"appVersion":"59.1","build":86144}