{"_class":"document","do_objectID":"021F48B4-7D60-418A-87E3-27AD3344553F","colorSpace":0,"currentPageIndex":0,"assets":{"_class":"assetCollection","do_objectID":"EFE92131-D8A2-4CE4-924D-C4529982C940","images":[],"colorAssets":[],"exportPresets":[],"gradientAssets":[],"imageCollection":{"_class":"imageCollection","images":{}},"colors":[],"gradients":[]},"foreignLayerStyles":[],"foreignSymbols":[],"foreignTextStyles":[],"layerStyles":{"_class":"sharedStyleContainer","objects":[]},"layerSymbols":{"_class":"symbolContainer","objects":[]},"layerTextStyles":{"_class":"sharedTextStyleContainer","objects":[]},"pages":[{"_class":"MSJSONFileReference","_ref_class":"MSImmutablePage","_ref":"pages\/2979EA7D-71E8-45BA-A7B0-CB18E7BCCCD9"}]}