{"_class":"page","do_objectID":"09F211F0-4F15-42FA-8789-5A07C083D131","booleanOperation":-1,"isFixedToViewport":false,"isFlippedHorizontal":false,"isFlippedVertical":false,"isLocked":false,"isVisible":true,"layerListExpandedType":0,"maintainScrollPosition":false,"name":"diff","nameIsFixed":true,"resizingConstraint":63,"resizingType":0,"rotation":0,"shouldBreakMaskChain":false,"exportOptions":{"_class":"exportOptions","includedLayerIds":[],"layerOptions":0,"shouldTrim":false,"exportFormats":[]},"frame":{"_class":"rect","constrainProportions":false,"height":0,"width":0,"x":0,"y":0},"clippingMaskMode":0,"hasClippingMask":false,"style":{"_class":"style","do_objectID":"EB81E856-8065-467B-AC37-BE40CAFCD337","endMarkerType":0,"miterLimit":10,"startMarkerType":0,"windingRule":1,"blur":{"_class":"blur","isEnabled":false,"center":"{0.5, 0.5}","motionAngle":0,"radius":10,"saturation":1,"type":0},"borderOptions":{"_class":"borderOptions","isEnabled":true,"dashPattern":[],"lineCapStyle":0,"lineJoinStyle":0},"borders":[],"colorControls":{"_class":"colorControls","isEnabled":false,"brightness":0,"contrast":1,"hue":0,"saturation":1},"contextSettings":{"_class":"graphicsContextSettings","blendMode":0,"opacity":1},"fills":[],"innerShadows":[],"shadows":[]},"hasClickThrough":true,"groupLayout":{"_class":"MSImmutableFreeformGroupLayout"},"layers":[{"_class":"shapeGroup","do_objectID":"51132CD0-105B-405D-8B00-DFAD7ACF27DC","booleanOperation":-1,"isFixedToViewport":false,"isFlippedHorizontal":false,"isFlippedVertical":false,"isLocked":false,"isVisible":true,"layerListExpandedType":1,"maintainScrollPosition":false,"name":"Combined Shape","nameIsFixed":false,"resizingConstraint":63,"resizingType":0,"rotation":0,"shouldBreakMaskChain":false,"exportOptions":{"_class":"exportOptions","includedLayerIds":[],"layerOptions":0,"shouldTrim":false,"exportFormats":[]},"frame":{"_class":"rect","constrainProportions":false,"height":127,"width":231,"x":-209,"y":-238},"clippingMaskMode":0,"hasClippingMask":false,"style":{"_class":"style","do_objectID":"691C9AC8-1976-4E93-9E6B-47F624AB97D8","endMarkerType":0,"miterLimit":10,"startMarkerType":0,"windingRule":1,"blur":{"_class":"blur","isEnabled":false,"center":"{0.5, 0.5}","motionAngle":0,"radius":10,"saturation":1,"type":0},"borderOptions":{"_class":"borderOptions","isEnabled":true,"dashPattern":[],"lineCapStyle":0,"lineJoinStyle":0},"borders":[{"_class":"border","isEnabled":true,"fillType":0,"color":{"_class":"color","alpha":1,"blue":0.592,"green":0.592,"red":0.592},"contextSettings":{"_class":"graphicsContextSettings","blendMode":0,"opacity":1},"gradient":{"_class":"gradient","elipseLength":0,"from":"{0.5, 0}","gradientType":0,"to":"{0.5, 1}","stops":[{"_class":"gradientStop","position":0,"color":{"_class":"color","alpha":1,"blue":1,"green":1,"red":1}},{"_class":"gradientStop","position":1,"color":{"_class":"color","alpha":1,"blue":0,"green":0,"red":0}}]},"position":1,"thickness":1}],"colorControls":{"_class":"colorControls","isEnabled":false,"brightness":0,"contrast":1,"hue":0,"saturation":1},"contextSettings":{"_class":"graphicsContextSettings","blendMode":0,"opacity":1},"fills":[{"_class":"fill","isEnabled":true,"fillType":0,"color":{"_class":"color","alpha":1,"blue":0.847,"green":0.847,"red":0.847},"contextSettings":{"_class":"graphicsContextSettings","blendMode":0,"opacity":1},"gradient":{"_class":"gradient","elipseLength":0,"from":"{0.5, 0}","gradientType":0,"to":"{0.5, 1}","stops":[{"_class":"gradientStop","position":0,"color":{"_class":"color","alpha":1,"blue":1,"green":1,"red":1}},{"_class":"gradientStop","position":1,"color":{"_class":"color","alpha":1,"blue":0,"green":0,"red":0}}]},"noiseIndex":0,"noiseIntensity":0,"patternFillType":1,"patternTileScale":1}],"innerShadows":[],"shadows":[]},"hasClickThrough":false,"groupLayout":{"_class":"MSImmutableFreeformGroupLayout"},"layers":[{"_class":"oval","do_objectID":"68BBE8EE-61D2-4E84-8FB4-72B46C76F2D2","booleanOperation":3,"isFixedToViewport":false,"isFlippedHorizontal":false,"isFlippedVertical":false,"isLocked":false,"isVisible":true,"layerListExpandedType":0,"maintainScrollPosition":false,"name":"Oval","nameIsFixed":false,"resizingConstraint":63,"resizingType":0,"rotation":0,"shouldBreakMaskChain":false,"exportOptions":{"_class":"exportOptions","includedLayerIds":[],"layerOptions":0,"shouldTrim":false,"exportFormats":[]},"frame":{"_class":"rect","constrainProportions":false,"height":111,"width":175,"x":0,"y":0},"clippingMaskMode":0,"hasClippingMask":false,"style":{"_class":"style","do_objectID":"099B68EB-04A2-477C-A420-419F371C9F71","endMarkerType":0,"miterLimit":10,"startMarkerType":0,"windingRule":1,"blur":{"_class":"blur","isEnabled":false,"center":"{0.5, 0.5}","motionAngle":0,"radius":10,"saturation":1,"type":0},"borderOptions":{"_class":"borderOptions","isEnabled":true,"dashPattern":[],"lineCapStyle":0,"lineJoinStyle":0},"borders":[{"_class":"border","isEnabled":true,"fillType":0,"color":{"_class":"color","alpha":1,"blue":0.592,"green":0.592,"red":0.592},"contextSettings":{"_class":"graphicsContextSettings","blendMode":0,"opacity":1},"gradient":{"_class":"gradient","elipseLength":0,"from":"{0.5, 0}","gradientType":0,"to":"{0.5, 1}","stops":[{"_class":"gradientStop","position":0,"color":{"_class":"color","alpha":1,"blue":1,"green":1,"red":1}},{"_class":"gradientStop","position":1,"color":{"_class":"color","alpha":1,"blue":0,"green":0,"red":0}}]},"position":1,"thickness":1}],"colorControls":{"_class":"colorControls","isEnabled":false,"brightness":0,"contrast":1,"hue":0,"saturation":1},"contextSettings":{"_class":"graphicsContextSettings","blendMode":0,"opacity":1},"fills":[{"_class":"fill","isEnabled":true,"fillType":0,"color":{"_class":"color","alpha":1,"blue":0.847,"green":0.847,"red":0.847},"contextSettings":{"_class":"graphicsContextSettings","blendMode":0,"opacity":1},"gradient":{"_class":"gradient","elipseLength":0,"from":"{0.5, 0}","gradientType":0,"to":"{0.5, 1}","stops":[{"_class":"gradientStop","position":0,"color":{"_class":"color","alpha":1,"blue":1,"green":1,"red":1}},{"_class":"gradientStop","position":1,"color":{"_class":"color","alpha":1,"blue":0,"green":0,"red":0}}]},"noiseIndex":0,"noiseIntensity":0,"patternFillType":1,"patternTileScale":1}],"innerShadows":[],"shadows":[]},"edited":false,"isClosed":true,"pointRadiusBehaviour":1,"points":[{"_class":"curvePoint","cornerRadius":0,"curveFrom":"{0.77614237490000004, 1}","curveMode":2,"curveTo":"{0.22385762510000001, 1}","hasCurveFrom":true,"hasCurveTo":true,"point":"{0.5, 1}"},{"_class":"curvePoint","cornerRadius":0,"curveFrom":"{1, 0.22385762510000001}","curveMode":2,"curveTo":"{1, 0.77614237490000004}","hasCurveFrom":true,"hasCurveTo":true,"point":"{1, 0.5}"},{"_class":"curvePoint","cornerRadius":0,"curveFrom":"{0.22385762510000001, 0}","curveMode":2,"curveTo":"{0.77614237490000004, 0}","hasCurveFrom":true,"hasCurveTo":true,"point":"{0.5, 0}"},{"_class":"curvePoint","cornerRadius":0,"curveFrom":"{0, 0.77614237490000004}","curveMode":2,"curveTo":"{0, 0.22385762510000001}","hasCurveFrom":true,"hasCurveTo":true,"point":"{0, 0.5}"}]},{"_class":"oval","do_objectID":"EEFF002A-76E8-4371-9AFD-68B05C375AAB","booleanOperation":3,"isFixedToViewport":false,"isFlippedHorizontal":false,"isFlippedVertical":false,"isLocked":false,"isVisible":true,"layerListExpandedType":0,"maintainScrollPosition":false,"name":"Oval","nameIsFixed":false,"resizingConstraint":63,"resizingType":0,"rotation":0,"shouldBreakMaskChain":false,"exportOptions":{"_class":"exportOptions","includedLayerIds":[],"layerOptions":0,"shouldTrim":false,"exportFormats":[]},"frame":{"_class":"rect","constrainProportions":false,"height":120,"width":133,"x":98,"y":7},"clippingMaskMode":0,"hasClippingMask":false,"style":{"_class":"style","do_objectID":"7511607A-FB86-47C4-BC4A-9F3CC8FDBDFB","endMarkerType":0,"miterLimit":10,"startMarkerType":0,"windingRule":1,"blur":{"_class":"blur","isEnabled":false,"center":"{0.5, 0.5}","motionAngle":0,"radius":10,"saturation":1,"type":0},"borderOptions":{"_class":"borderOptions","isEnabled":true,"dashPattern":[],"lineCapStyle":0,"lineJoinStyle":0},"borders":[{"_class":"border","isEnabled":true,"fillType":0,"color":{"_class":"color","alpha":1,"blue":0.592,"green":0.592,"red":0.592},"contextSettings":{"_class":"graphicsContextSettings","blendMode":0,"opacity":1},"gradient":{"_class":"gradient","elipseLength":0,"from":"{0.5, 0}","gradientType":0,"to":"{0.5, 1}","stops":[{"_class":"gradientStop","position":0,"color":{"_class":"color","alpha":1,"blue":1,"green":1,"red":1}},{"_class":"gradientStop","position":1,"color":{"_class":"color","alpha":1,"blue":0,"green":0,"red":0}}]},"position":1,"thickness":1}],"colorControls":{"_class":"colorControls","isEnabled":false,"brightness":0,"contrast":1,"hue":0,"saturation":1},"contextSettings":{"_class":"graphicsContextSettings","blendMode":0,"opacity":1},"fills":[{"_class":"fill","isEnabled":true,"fillType":0,"color":{"_class":"color","alpha":1,"blue":0.847,"green":0.847,"red":0.847},"contextSettings":{"_class":"graphicsContextSettings","blendMode":0,"opacity":1},"gradient":{"_class":"gradient","elipseLength":0,"from":"{0.5, 0}","gradientType":0,"to":"{0.5, 1}","stops":[{"_class":"gradientStop","position":0,"color":{"_class":"color","alpha":1,"blue":1,"green":1,"red":1}},{"_class":"gradientStop","position":1,"color":{"_class":"color","alpha":1,"blue":0,"green":0,"red":0}}]},"noiseIndex":0,"noiseIntensity":0,"patternFillType":1,"patternTileScale":1}],"innerShadows":[],"shadows":[]},"edited":false,"isClosed":true,"pointRadiusBehaviour":1,"points":[{"_class":"curvePoint","cornerRadius":0,"curveFrom":"{0.77614237490000004, 1}","curveMode":2,"curveTo":"{0.22385762510000001, 1}","hasCurveFrom":true,"hasCurveTo":true,"point":"{0.5, 1}"},{"_class":"curvePoint","cornerRadius":0,"curveFrom":"{1, 0.22385762510000001}","curveMode":2,"curveTo":"{1, 0.77614237490000004}","hasCurveFrom":true,"hasCurveTo":true,"point":"{1, 0.5}"},{"_class":"curvePoint","cornerRadius":0,"curveFrom":"{0.22385762510000001, 0}","curveMode":2,"curveTo":"{0.77614237490000004, 0}","hasCurveFrom":true,"hasCurveTo":true,"point":"{0.5, 0}"},{"_class":"curvePoint","cornerRadius":0,"curveFrom":"{0, 0.77614237490000004}","curveMode":2,"curveTo":"{0, 0.22385762510000001}","hasCurveFrom":true,"hasCurveTo":true,"point":"{0, 0.5}"}]}],"windingRule":1}],"includeInCloudUpload":true,"horizontalRulerData":{"_class":"rulerData","base":-379,"guides":[]},"verticalRulerData":{"_class":"rulerData","base":-352,"guides":[]}}