{"_class":"page","do_objectID":"52E4B385-0281-4107-BFB2-500AA6A70B64","booleanOperation":-1,"isFixedToViewport":false,"isFlippedHorizontal":false,"isFlippedVertical":false,"isLocked":false,"isVisible":true,"layerListExpandedType":0,"maintainScrollPosition":false,"name":"intersect","nameIsFixed":true,"resizingConstraint":63,"resizingType":0,"rotation":0,"shouldBreakMaskChain":false,"exportOptions":{"_class":"exportOptions","includedLayerIds":[],"layerOptions":0,"shouldTrim":false,"exportFormats":[]},"frame":{"_class":"rect","constrainProportions":false,"height":0,"width":0,"x":0,"y":0},"clippingMaskMode":0,"hasClippingMask":false,"style":{"_class":"style","do_objectID":"83A7FB59-B7BA-454B-98EE-61CD6CDF1464","endMarkerType":0,"miterLimit":10,"startMarkerType":0,"windingRule":1,"blur":{"_class":"blur","isEnabled":false,"center":"{0.5, 0.5}","motionAngle":0,"radius":10,"saturation":1,"type":0},"borderOptions":{"_class":"borderOptions","isEnabled":true,"dashPattern":[],"lineCapStyle":0,"lineJoinStyle":0},"borders":[],"colorControls":{"_class":"colorControls","isEnabled":false,"brightness":0,"contrast":1,"hue":0,"saturation":1},"contextSettings":{"_class":"graphicsContextSettings","blendMode":0,"opacity":1},"fills":[],"innerShadows":[],"shadows":[]},"hasClickThrough":true,"groupLayout":{"_class":"MSImmutableFreeformGroupLayout"},"layers":[{"_class":"shapeGroup","do_objectID":"8E193F00-F25A-449B-A722-EC56558C0112","booleanOperation":-1,"isFixedToViewport":false,"isFlippedHorizontal":false,"isFlippedVertical":false,"isLocked":false,"isVisible":true,"layerListExpandedType":1,"maintainScrollPosition":false,"name":"Combined Shape","nameIsFixed":false,"resizingConstraint":63,"resizingType":0,"rotation":0,"shouldBreakMaskChain":false,"exportOptions":{"_class":"exportOptions","includedLayerIds":[],"layerOptions":0,"shouldTrim":false,"exportFormats":[]},"frame":{"_class":"rect","constrainProportions":false,"height":98.9618005201032,"width":77,"x":-135,"y":-195},"clippingMaskMode":0,"hasClippingMask":false,"style":{"_class":"style","do_objectID":"BA7E1C54-DF88-430C-AB64-8A40934A3AAA","endMarkerType":0,"miterLimit":10,"startMarkerType":0,"windingRule":1,"blur":{"_class":"blur","isEnabled":false,"center":"{0.5, 0.5}","motionAngle":0,"radius":10,"saturation":1,"type":0},"borderOptions":{"_class":"borderOptions","isEnabled":true,"dashPattern":[],"lineCapStyle":0,"lineJoinStyle":0},"borders":[{"_class":"border","isEnabled":true,"fillType":0,"color":{"_class":"color","alpha":1,"blue":0.592,"green":0.592,"red":0.592},"contextSettings":{"_class":"graphicsContextSettings","blendMode":0,"opacity":1},"gradient":{"_class":"gradient","elipseLength":0,"from":"{0.5, 0}","gradientType":0,"to":"{0.5, 1}","stops":[{"_class":"gradientStop","position":0,"color":{"_class":"color","alpha":1,"blue":1,"green":1,"red":1}},{"_class":"gradientStop","position":1,"color":{"_class":"color","alpha":1,"blue":0,"green":0,"red":0}}]},"position":1,"thickness":1}],"colorControls":{"_class":"colorControls","isEnabled":false,"brightness":0,"contrast":1,"hue":0,"saturation":1},"contextSettings":{"_class":"graphicsContextSettings","blendMode":0,"opacity":1},"fills":[{"_class":"fill","isEnabled":true,"fillType":0,"color":{"_class":"color","alpha":1,"blue":0.847,"green":0.847,"red":0.847},"contextSettings":{"_class":"graphicsContextSettings","blendMode":0,"opacity":1},"gradient":{"_class":"gradient","elipseLength":0,"from":"{0.5, 0}","gradientType":0,"to":"{0.5, 1}","stops":[{"_class":"gradientStop","position":0,"color":{"_class":"color","alpha":1,"blue":1,"green":1,"red":1}},{"_class":"gradientStop","position":1,"color":{"_class":"color","alpha":1,"blue":0,"green":0,"red":0}}]},"noiseIndex":0,"noiseIntensity":0,"patternFillType":1,"patternTileScale":1}],"innerShadows":[],"shadows":[]},"hasClickThrough":false,"groupLayout":{"_class":"MSImmutableFreeformGroupLayout"},"layers":[{"_class":"oval","do_objectID":"71A8FE54-9E42-4607-89B7-A72015FF54F3","booleanOperation":2,"isFixedToViewport":false,"isFlippedHorizontal":false,"isFlippedVertical":false,"isLocked":false,"isVisible":true,"layerListExpandedType":0,"maintainScrollPosition":false,"name":"Oval","nameIsFixed":false,"resizingConstraint":63,"resizingType":0,"rotation":0,"shouldBreakMaskChain":false,"exportOptions":{"_class":"exportOptions","includedLayerIds":[],"layerOptions":0,"shouldTrim":false,"exportFormats":[]},"frame":{"_class":"rect","constrainProportions":false,"height":154,"width":174,"x":-97,"y":-53},"clippingMaskMode":0,"hasClippingMask":false,"style":{"_class":"style","do_objectID":"C7CF9E5F-8EF8-4E5C-B2F6-31D8BA55A26B","endMarkerType":0,"miterLimit":10,"startMarkerType":0,"windingRule":1,"blur":{"_class":"blur","isEnabled":false,"center":"{0.5, 0.5}","motionAngle":0,"radius":10,"saturation":1,"type":0},"borderOptions":{"_class":"borderOptions","isEnabled":true,"dashPattern":[],"lineCapStyle":0,"lineJoinStyle":0},"borders":[{"_class":"border","isEnabled":true,"fillType":0,"color":{"_class":"color","alpha":1,"blue":0.592,"green":0.592,"red":0.592},"contextSettings":{"_class":"graphicsContextSettings","blendMode":0,"opacity":1},"gradient":{"_class":"gradient","elipseLength":0,"from":"{0.5, 0}","gradientType":0,"to":"{0.5, 1}","stops":[{"_class":"gradientStop","position":0,"color":{"_class":"color","alpha":1,"blue":1,"green":1,"red":1}},{"_class":"gradientStop","position":1,"color":{"_class":"color","alpha":1,"blue":0,"green":0,"red":0}}]},"position":1,"thickness":1}],"colorControls":{"_class":"colorControls","isEnabled":false,"brightness":0,"contrast":1,"hue":0,"saturation":1},"contextSettings":{"_class":"graphicsContextSettings","blendMode":0,"opacity":1},"fills":[{"_class":"fill","isEnabled":true,"fillType":0,"color":{"_class":"color","alpha":1,"blue":0.847,"green":0.847,"red":0.847},"contextSettings":{"_class":"graphicsContextSettings","blendMode":0,"opacity":1},"gradient":{"_class":"gradient","elipseLength":0,"from":"{0.5, 0}","gradientType":0,"to":"{0.5, 1}","stops":[{"_class":"gradientStop","position":0,"color":{"_class":"color","alpha":1,"blue":1,"green":1,"red":1}},{"_class":"gradientStop","position":1,"color":{"_class":"color","alpha":1,"blue":0,"green":0,"red":0}}]},"noiseIndex":0,"noiseIntensity":0,"patternFillType":1,"patternTileScale":1}],"innerShadows":[],"shadows":[]},"edited":false,"isClosed":true,"pointRadiusBehaviour":1,"points":[{"_class":"curvePoint","cornerRadius":0,"curveFrom":"{0.77614237490000004, 1}","curveMode":2,"curveTo":"{0.22385762510000001, 1}","hasCurveFrom":true,"hasCurveTo":true,"point":"{0.5, 1}"},{"_class":"curvePoint","cornerRadius":0,"curveFrom":"{1, 0.22385762510000001}","curveMode":2,"curveTo":"{1, 0.77614237490000004}","hasCurveFrom":true,"hasCurveTo":true,"point":"{1, 0.5}"},{"_class":"curvePoint","cornerRadius":0,"curveFrom":"{0.22385762510000001, 0}","curveMode":2,"curveTo":"{0.77614237490000004, 0}","hasCurveFrom":true,"hasCurveTo":true,"point":"{0.5, 0}"},{"_class":"curvePoint","cornerRadius":0,"curveFrom":"{0, 0.77614237490000004}","curveMode":2,"curveTo":"{0, 0.22385762510000001}","hasCurveFrom":true,"hasCurveTo":true,"point":"{0, 0.5}"}]},{"_class":"oval","do_objectID":"7662C7E7-9DA7-40C1-BB78-8380420554CD","booleanOperation":2,"isFixedToViewport":false,"isFlippedHorizontal":false,"isFlippedVertical":false,"isLocked":false,"isVisible":true,"layerListExpandedType":0,"maintainScrollPosition":false,"name":"Oval","nameIsFixed":false,"resizingConstraint":63,"resizingType":0,"rotation":0,"shouldBreakMaskChain":false,"exportOptions":{"_class":"exportOptions","includedLayerIds":[],"layerOptions":0,"shouldTrim":false,"exportFormats":[]},"frame":{"_class":"rect","constrainProportions":false,"height":129,"width":129,"x":0,"y":0},"clippingMaskMode":0,"hasClippingMask":false,"style":{"_class":"style","do_objectID":"1EF4C05B-C4F4-4CB5-A7CF-30F3CBE278A2","endMarkerType":0,"miterLimit":10,"startMarkerType":0,"windingRule":1,"blur":{"_class":"blur","isEnabled":false,"center":"{0.5, 0.5}","motionAngle":0,"radius":10,"saturation":1,"type":0},"borderOptions":{"_class":"borderOptions","isEnabled":true,"dashPattern":[],"lineCapStyle":0,"lineJoinStyle":0},"borders":[{"_class":"border","isEnabled":true,"fillType":0,"color":{"_class":"color","alpha":1,"blue":0.592,"green":0.592,"red":0.592},"contextSettings":{"_class":"graphicsContextSettings","blendMode":0,"opacity":1},"gradient":{"_class":"gradient","elipseLength":0,"from":"{0.5, 0}","gradientType":0,"to":"{0.5, 1}","stops":[{"_class":"gradientStop","position":0,"color":{"_class":"color","alpha":1,"blue":1,"green":1,"red":1}},{"_class":"gradientStop","position":1,"color":{"_class":"color","alpha":1,"blue":0,"green":0,"red":0}}]},"position":1,"thickness":1}],"colorControls":{"_class":"colorControls","isEnabled":false,"brightness":0,"contrast":1,"hue":0,"saturation":1},"contextSettings":{"_class":"graphicsContextSettings","blendMode":0,"opacity":1},"fills":[{"_class":"fill","isEnabled":true,"fillType":0,"color":{"_class":"color","alpha":1,"blue":0.847,"green":0.847,"red":0.847},"contextSettings":{"_class":"graphicsContextSettings","blendMode":0,"opacity":1},"gradient":{"_class":"gradient","elipseLength":0,"from":"{0.5, 0}","gradientType":0,"to":"{0.5, 1}","stops":[{"_class":"gradientStop","position":0,"color":{"_class":"color","alpha":1,"blue":1,"green":1,"red":1}},{"_class":"gradientStop","position":1,"color":{"_class":"color","alpha":1,"blue":0,"green":0,"red":0}}]},"noiseIndex":0,"noiseIntensity":0,"patternFillType":1,"patternTileScale":1}],"innerShadows":[],"shadows":[]},"edited":false,"isClosed":true,"pointRadiusBehaviour":1,"points":[{"_class":"curvePoint","cornerRadius":0,"curveFrom":"{0.77614237490000004, 1}","curveMode":2,"curveTo":"{0.22385762510000001, 1}","hasCurveFrom":true,"hasCurveTo":true,"point":"{0.5, 1}"},{"_class":"curvePoint","cornerRadius":0,"curveFrom":"{1, 0.22385762510000001}","curveMode":2,"curveTo":"{1, 0.77614237490000004}","hasCurveFrom":true,"hasCurveTo":true,"point":"{1, 0.5}"},{"_class":"curvePoint","cornerRadius":0,"curveFrom":"{0.22385762510000001, 0}","curveMode":2,"curveTo":"{0.77614237490000004, 0}","hasCurveFrom":true,"hasCurveTo":true,"point":"{0.5, 0}"},{"_class":"curvePoint","cornerRadius":0,"curveFrom":"{0, 0.77614237490000004}","curveMode":2,"curveTo":"{0, 0.22385762510000001}","hasCurveFrom":true,"hasCurveTo":true,"point":"{0, 0.5}"}]}],"windingRule":1}],"includeInCloudUpload":true,"horizontalRulerData":{"_class":"rulerData","base":-379,"guides":[]},"verticalRulerData":{"_class":"rulerData","base":-352,"guides":[]}}