{"_class":"page","do_objectID":"4652BCE3-69F2-44DB-B468-93884DA10233","booleanOperation":-1,"isFixedToViewport":false,"isFlippedHorizontal":false,"isFlippedVertical":false,"isLocked":false,"isVisible":true,"layerListExpandedType":0,"maintainScrollPosition":false,"name":"weight","nameIsFixed":true,"resizingConstraint":63,"resizingType":0,"rotation":0,"shouldBreakMaskChain":false,"exportOptions":{"_class":"exportOptions","includedLayerIds":[],"layerOptions":0,"shouldTrim":false,"exportFormats":[]},"frame":{"_class":"rect","constrainProportions":false,"height":0,"width":0,"x":0,"y":0},"clippingMaskMode":0,"hasClippingMask":false,"style":{"_class":"style","do_objectID":"9BBACCEF-7ECB-4350-8B2D-2F3415228C1F","endMarkerType":0,"miterLimit":10,"startMarkerType":0,"windingRule":1,"blur":{"_class":"blur","isEnabled":false,"center":"{0.5, 0.5}","motionAngle":0,"radius":10,"saturation":1,"type":0},"borderOptions":{"_class":"borderOptions","isEnabled":true,"dashPattern":[],"lineCapStyle":0,"lineJoinStyle":0},"borders":[],"colorControls":{"_class":"colorControls","isEnabled":false,"brightness":0,"contrast":1,"hue":0,"saturation":1},"contextSettings":{"_class":"graphicsContextSettings","blendMode":0,"opacity":1},"fills":[],"innerShadows":[],"shadows":[]},"hasClickThrough":true,"groupLayout":{"_class":"MSImmutableFreeformGroupLayout"},"layers":[{"_class":"text","do_objectID":"F0AC18B3-611E-4D1B-B0EF-5FB2F26FEA4C","booleanOperation":-1,"isFixedToViewport":false,"isFlippedHorizontal":false,"isFlippedVertical":false,"isLocked":false,"isVisible":true,"layerListExpandedType":0,"maintainScrollPosition":false,"name":"regular","nameIsFixed":false,"resizingConstraint":47,"resizingType":0,"rotation":0,"shouldBreakMaskChain":false,"exportOptions":{"_class":"exportOptions","includedLayerIds":[],"layerOptions":0,"shouldTrim":false,"exportFormats":[]},"frame":{"_class":"rect","constrainProportions":false,"height":116,"width":319,"x":-112,"y":-187},"clippingMaskMode":0,"hasClippingMask":false,"style":{"_class":"style","do_objectID":"6A6C5136-AD43-4FFD-B36C-FE9A84C46348","endMarkerType":0,"miterLimit":10,"startMarkerType":0,"windingRule":1,"blur":{"_class":"blur","isEnabled":false,"center":"{0.5, 0.5}","motionAngle":0,"radius":10,"saturation":1,"type":0},"borderOptions":{"_class":"borderOptions","isEnabled":true,"dashPattern":[],"lineCapStyle":0,"lineJoinStyle":0},"borders":[],"colorControls":{"_class":"colorControls","isEnabled":false,"brightness":0,"contrast":1,"hue":0,"saturation":1},"contextSettings":{"_class":"graphicsContextSettings","blendMode":0,"opacity":1},"fills":[],"innerShadows":[],"shadows":[],"textStyle":{"_class":"textStyle","encodedAttributes":{"MSAttributedStringColorAttribute":{"_class":"color","alpha":1,"blue":0.2115752551020408,"green":0.06713574027503995,"red":0.1831681630215947},"textStyleVerticalAlignmentKey":2,"MSAttributedStringFontAttribute":{"_class":"fontDescriptor","attributes":{"name":"ArialMT","size":104}},"paragraphStyle":{"_class":"paragraphStyle","alignment":0,"allowsDefaultTighteningForTruncation":0},"kerning":-0.7878788},"verticalAlignment":2}},"attributedString":{"_class":"attributedString","string":"regular","attributes":[{"_class":"stringAttribute","location":0,"length":7,"attributes":{"MSAttributedStringFontAttribute":{"_class":"fontDescriptor","attributes":{"name":"ArialMT","size":104}},"MSAttributedStringColorAttribute":{"_class":"color","alpha":1,"blue":0.2115752551020408,"green":0.06713574027503995,"red":0.1831681630215947},"kerning":-0.7878788,"textStyleVerticalAlignmentKey":2,"paragraphStyle":{"_class":"paragraphStyle","alignment":0,"allowsDefaultTighteningForTruncation":0}}}]},"automaticallyDrawOnUnderlyingPath":false,"dontSynchroniseWithSymbol":false,"glyphBounds":"{{6, 19}, {315, 97}}","lineSpacingBehaviour":2,"textBehaviour":0},{"_class":"text","do_objectID":"5CED06B4-6604-4B3E-B12E-0A339FA49FD3","booleanOperation":-1,"isFixedToViewport":false,"isFlippedHorizontal":false,"isFlippedVertical":false,"isLocked":false,"isVisible":true,"layerListExpandedType":0,"maintainScrollPosition":false,"name":"italic","nameIsFixed":false,"resizingConstraint":47,"resizingType":0,"rotation":0,"shouldBreakMaskChain":false,"exportOptions":{"_class":"exportOptions","includedLayerIds":[],"layerOptions":0,"shouldTrim":false,"exportFormats":[]},"frame":{"_class":"rect","constrainProportions":false,"height":116,"width":204,"x":-112,"y":-3},"clippingMaskMode":0,"hasClippingMask":false,"style":{"_class":"style","do_objectID":"B9728539-909F-43D2-B51E-DA3BA25A9C5F","endMarkerType":0,"miterLimit":10,"startMarkerType":0,"windingRule":1,"blur":{"_class":"blur","isEnabled":false,"center":"{0.5, 0.5}","motionAngle":0,"radius":10,"saturation":1,"type":0},"borderOptions":{"_class":"borderOptions","isEnabled":true,"dashPattern":[],"lineCapStyle":0,"lineJoinStyle":0},"borders":[],"colorControls":{"_class":"colorControls","isEnabled":false,"brightness":0,"contrast":1,"hue":0,"saturation":1},"contextSettings":{"_class":"graphicsContextSettings","blendMode":0,"opacity":1},"fills":[],"innerShadows":[],"shadows":[],"textStyle":{"_class":"textStyle","encodedAttributes":{"MSAttributedStringColorAttribute":{"_class":"color","alpha":1,"blue":0.2115752551020408,"green":0.06713574027503995,"red":0.1831681630215947},"textStyleVerticalAlignmentKey":2,"MSAttributedStringFontAttribute":{"_class":"fontDescriptor","attributes":{"name":"Arial-ItalicMT","size":104}},"paragraphStyle":{"_class":"paragraphStyle","alignment":0,"allowsDefaultTighteningForTruncation":0},"kerning":-0.7878788},"verticalAlignment":2}},"attributedString":{"_class":"attributedString","string":"italic","attributes":[{"_class":"stringAttribute","location":0,"length":6,"attributes":{"MSAttributedStringFontAttribute":{"_class":"fontDescriptor","attributes":{"name":"Arial-ItalicMT","size":104}},"MSAttributedStringColorAttribute":{"_class":"color","alpha":1,"blue":0.2115752551020408,"green":0.06713574027503995,"red":0.1831681630215947},"kerning":-0.7878788,"textStyleVerticalAlignmentKey":2,"paragraphStyle":{"_class":"paragraphStyle","alignment":0,"allowsDefaultTighteningForTruncation":0}}}]},"automaticallyDrawOnUnderlyingPath":false,"dontSynchroniseWithSymbol":false,"glyphBounds":"{{3, 19}, {203, 77}}","lineSpacingBehaviour":2,"textBehaviour":0},{"_class":"text","do_objectID":"CBF6B31A-69A7-4C94-8F34-C82A4947F058","booleanOperation":-1,"isFixedToViewport":false,"isFlippedHorizontal":false,"isFlippedVertical":false,"isLocked":false,"isVisible":true,"layerListExpandedType":0,"maintainScrollPosition":false,"name":"bold","nameIsFixed":false,"resizingConstraint":47,"resizingType":0,"rotation":0,"shouldBreakMaskChain":false,"exportOptions":{"_class":"exportOptions","includedLayerIds":[],"layerOptions":0,"shouldTrim":false,"exportFormats":[]},"frame":{"_class":"rect","constrainProportions":false,"height":116,"width":217,"x":-112,"y":181},"clippingMaskMode":0,"hasClippingMask":false,"style":{"_class":"style","do_objectID":"20679C99-86ED-4329-B5F7-AD7FBCBBD195","endMarkerType":0,"miterLimit":10,"startMarkerType":0,"windingRule":1,"blur":{"_class":"blur","isEnabled":false,"center":"{0.5, 0.5}","motionAngle":0,"radius":10,"saturation":1,"type":0},"borderOptions":{"_class":"borderOptions","isEnabled":true,"dashPattern":[],"lineCapStyle":0,"lineJoinStyle":0},"borders":[],"colorControls":{"_class":"colorControls","isEnabled":false,"brightness":0,"contrast":1,"hue":0,"saturation":1},"contextSettings":{"_class":"graphicsContextSettings","blendMode":0,"opacity":1},"fills":[],"innerShadows":[],"shadows":[],"textStyle":{"_class":"textStyle","encodedAttributes":{"MSAttributedStringColorAttribute":{"_class":"color","alpha":1,"blue":0.2115752551020408,"green":0.06713574027503995,"red":0.1831681630215947},"textStyleVerticalAlignmentKey":2,"MSAttributedStringFontAttribute":{"_class":"fontDescriptor","attributes":{"name":"Arial-BoldMT","size":104}},"paragraphStyle":{"_class":"paragraphStyle","alignment":0,"allowsDefaultTighteningForTruncation":0},"kerning":-0.7878788},"verticalAlignment":2}},"attributedString":{"_class":"attributedString","string":"bold","attributes":[{"_class":"stringAttribute","location":0,"length":4,"attributes":{"MSAttributedStringFontAttribute":{"_class":"fontDescriptor","attributes":{"name":"Arial-BoldMT","size":104}},"MSAttributedStringColorAttribute":{"_class":"color","alpha":1,"blue":0.2115752551020408,"green":0.06713574027503995,"red":0.1831681630215947},"kerning":-0.7878788,"textStyleVerticalAlignmentKey":2,"paragraphStyle":{"_class":"paragraphStyle","alignment":0,"allowsDefaultTighteningForTruncation":0}}}]},"automaticallyDrawOnUnderlyingPath":false,"dontSynchroniseWithSymbol":false,"glyphBounds":"{{6, 19}, {205, 77}}","lineSpacingBehaviour":2,"textBehaviour":0},{"_class":"text","do_objectID":"A3C6A5B1-93BE-4703-940C-810D9DC88704","booleanOperation":-1,"isFixedToViewport":false,"isFlippedHorizontal":false,"isFlippedVertical":false,"isLocked":false,"isVisible":true,"layerListExpandedType":0,"maintainScrollPosition":false,"name":"bold-italic","nameIsFixed":false,"resizingConstraint":47,"resizingType":0,"rotation":0,"shouldBreakMaskChain":false,"exportOptions":{"_class":"exportOptions","includedLayerIds":[],"layerOptions":0,"shouldTrim":false,"exportFormats":[]},"frame":{"_class":"rect","constrainProportions":false,"height":116,"width":483,"x":-112,"y":365},"clippingMaskMode":0,"hasClippingMask":false,"style":{"_class":"style","do_objectID":"4AC8D746-E382-4DFE-B340-BC463461F640","endMarkerType":0,"miterLimit":10,"startMarkerType":0,"windingRule":1,"blur":{"_class":"blur","isEnabled":false,"center":"{0.5, 0.5}","motionAngle":0,"radius":10,"saturation":1,"type":0},"borderOptions":{"_class":"borderOptions","isEnabled":true,"dashPattern":[],"lineCapStyle":0,"lineJoinStyle":0},"borders":[],"colorControls":{"_class":"colorControls","isEnabled":false,"brightness":0,"contrast":1,"hue":0,"saturation":1},"contextSettings":{"_class":"graphicsContextSettings","blendMode":0,"opacity":1},"fills":[],"innerShadows":[],"shadows":[],"textStyle":{"_class":"textStyle","encodedAttributes":{"MSAttributedStringColorAttribute":{"_class":"color","alpha":1,"blue":0.2115752551020408,"green":0.06713574027503995,"red":0.1831681630215947},"textStyleVerticalAlignmentKey":2,"MSAttributedStringFontAttribute":{"_class":"fontDescriptor","attributes":{"name":"Arial-BoldItalicMT","size":104}},"paragraphStyle":{"_class":"paragraphStyle","alignment":0,"allowsDefaultTighteningForTruncation":0},"kerning":-0.7878788},"verticalAlignment":2}},"attributedString":{"_class":"attributedString","string":"bold-italic","attributes":[{"_class":"stringAttribute","location":0,"length":11,"attributes":{"MSAttributedStringFontAttribute":{"_class":"fontDescriptor","attributes":{"name":"Arial-BoldItalicMT","size":104}},"MSAttributedStringColorAttribute":{"_class":"color","alpha":1,"blue":0.2115752551020408,"green":0.06713574027503995,"red":0.1831681630215947},"kerning":-0.7878788,"textStyleVerticalAlignmentKey":2,"paragraphStyle":{"_class":"paragraphStyle","alignment":0,"allowsDefaultTighteningForTruncation":0}}}]},"automaticallyDrawOnUnderlyingPath":false,"dontSynchroniseWithSymbol":false,"glyphBounds":"{{3, 19}, {482, 77}}","lineSpacingBehaviour":2,"textBehaviour":0},{"_class":"text","do_objectID":"95C8D049-2EA6-44F2-A6ED-078C84561A81","booleanOperation":-1,"isFixedToViewport":false,"isFlippedHorizontal":false,"isFlippedVertical":false,"isLocked":false,"isVisible":true,"layerListExpandedType":0,"maintainScrollPosition":false,"name":"black","nameIsFixed":false,"resizingConstraint":47,"resizingType":0,"rotation":0,"shouldBreakMaskChain":false,"exportOptions":{"_class":"exportOptions","includedLayerIds":[],"layerOptions":0,"shouldTrim":false,"exportFormats":[]},"frame":{"_class":"rect","constrainProportions":false,"height":146,"width":307,"x":-112,"y":529},"clippingMaskMode":0,"hasClippingMask":false,"style":{"_class":"style","do_objectID":"7B5B068E-AEEC-4590-8918-3F5411A78BB1","endMarkerType":0,"miterLimit":10,"startMarkerType":0,"windingRule":1,"blur":{"_class":"blur","isEnabled":false,"center":"{0.5, 0.5}","motionAngle":0,"radius":10,"saturation":1,"type":0},"borderOptions":{"_class":"borderOptions","isEnabled":true,"dashPattern":[],"lineCapStyle":0,"lineJoinStyle":0},"borders":[],"colorControls":{"_class":"colorControls","isEnabled":false,"brightness":0,"contrast":1,"hue":0,"saturation":1},"contextSettings":{"_class":"graphicsContextSettings","blendMode":0,"opacity":1},"fills":[],"innerShadows":[],"shadows":[],"textStyle":{"_class":"textStyle","encodedAttributes":{"MSAttributedStringColorAttribute":{"_class":"color","alpha":1,"blue":0.2115752551020408,"green":0.06713574027503995,"red":0.1831681630215947},"textStyleVerticalAlignmentKey":2,"MSAttributedStringFontAttribute":{"_class":"fontDescriptor","attributes":{"name":"Arial-Black","size":104}},"paragraphStyle":{"_class":"paragraphStyle","alignment":0,"allowsDefaultTighteningForTruncation":0},"kerning":-0.7878788},"verticalAlignment":2}},"attributedString":{"_class":"attributedString","string":"black","attributes":[{"_class":"stringAttribute","location":0,"length":5,"attributes":{"MSAttributedStringFontAttribute":{"_class":"fontDescriptor","attributes":{"name":"Arial-Black","size":104}},"MSAttributedStringColorAttribute":{"_class":"color","alpha":1,"blue":0.2115752551020408,"green":0.06713574027503995,"red":0.1831681630215947},"kerning":-0.7878788,"textStyleVerticalAlignmentKey":2,"paragraphStyle":{"_class":"paragraphStyle","alignment":0,"allowsDefaultTighteningForTruncation":0}}}]},"automaticallyDrawOnUnderlyingPath":false,"dontSynchroniseWithSymbol":false,"glyphBounds":"{{6, 39}, {302, 77}}","lineSpacingBehaviour":2,"textBehaviour":0}],"includeInCloudUpload":true,"horizontalRulerData":{"_class":"rulerData","base":-379,"guides":[]},"verticalRulerData":{"_class":"rulerData","base":-352,"guides":[]}}