{"_class":"page","do_objectID":"ACE29277-C689-4258-8249-C95DE033C388","booleanOperation":-1,"isFixedToViewport":false,"isFlippedHorizontal":false,"isFlippedVertical":false,"isLocked":false,"isVisible":true,"layerListExpandedType":0,"maintainScrollPosition":false,"name":"size","nameIsFixed":true,"resizingConstraint":63,"resizingType":0,"rotation":0,"shouldBreakMaskChain":false,"exportOptions":{"_class":"exportOptions","includedLayerIds":[],"layerOptions":0,"shouldTrim":false,"exportFormats":[]},"frame":{"_class":"rect","constrainProportions":false,"height":0,"width":0,"x":0,"y":0},"clippingMaskMode":0,"hasClippingMask":false,"style":{"_class":"style","do_objectID":"1477596F-7573-4EB1-AEBE-8EA4BF46AD0F","endMarkerType":0,"miterLimit":10,"startMarkerType":0,"windingRule":1,"blur":{"_class":"blur","isEnabled":false,"center":"{0.5, 0.5}","motionAngle":0,"radius":10,"saturation":1,"type":0},"borderOptions":{"_class":"borderOptions","isEnabled":true,"dashPattern":[],"lineCapStyle":0,"lineJoinStyle":0},"borders":[],"colorControls":{"_class":"colorControls","isEnabled":false,"brightness":0,"contrast":1,"hue":0,"saturation":1},"contextSettings":{"_class":"graphicsContextSettings","blendMode":0,"opacity":1},"fills":[],"innerShadows":[],"shadows":[]},"hasClickThrough":true,"groupLayout":{"_class":"MSImmutableFreeformGroupLayout"},"layers":[{"_class":"text","do_objectID":"E300509A-B05A-4107-9F04-1A473047CC1D","booleanOperation":-1,"isFixedToViewport":false,"isFlippedHorizontal":false,"isFlippedVertical":false,"isLocked":false,"isVisible":true,"layerListExpandedType":0,"maintainScrollPosition":false,"name":"Type something","nameIsFixed":false,"resizingConstraint":47,"resizingType":0,"rotation":0,"shouldBreakMaskChain":false,"exportOptions":{"_class":"exportOptions","includedLayerIds":[],"layerOptions":0,"shouldTrim":false,"exportFormats":[]},"frame":{"_class":"rect","constrainProportions":false,"height":11,"width":70,"x":-195,"y":-217},"clippingMaskMode":0,"hasClippingMask":false,"style":{"_class":"style","do_objectID":"148A6DEF-3162-4C02-A17F-1DE56E67A35D","endMarkerType":0,"miterLimit":10,"startMarkerType":0,"windingRule":1,"blur":{"_class":"blur","isEnabled":false,"center":"{0.5, 0.5}","motionAngle":0,"radius":10,"saturation":1,"type":0},"borderOptions":{"_class":"borderOptions","isEnabled":true,"dashPattern":[],"lineCapStyle":0,"lineJoinStyle":0},"borders":[],"colorControls":{"_class":"colorControls","isEnabled":false,"brightness":0,"contrast":1,"hue":0,"saturation":1},"contextSettings":{"_class":"graphicsContextSettings","blendMode":0,"opacity":1},"fills":[],"innerShadows":[],"shadows":[],"textStyle":{"_class":"textStyle","encodedAttributes":{"MSAttributedStringColorAttribute":{"_class":"color","alpha":1,"blue":0.2115752551020408,"green":0.06713574027503995,"red":0.1831681630215947},"textStyleVerticalAlignmentKey":2,"MSAttributedStringFontAttribute":{"_class":"fontDescriptor","attributes":{"name":"ArialMT","size":10}},"paragraphStyle":{"_class":"paragraphStyle","alignment":0,"allowsDefaultTighteningForTruncation":0},"kerning":-0.07575757692307693},"verticalAlignment":2}},"attributedString":{"_class":"attributedString","string":"Type something","attributes":[{"_class":"stringAttribute","location":0,"length":14,"attributes":{"MSAttributedStringFontAttribute":{"_class":"fontDescriptor","attributes":{"name":"ArialMT","size":10}},"MSAttributedStringColorAttribute":{"_class":"color","alpha":1,"blue":0.2115752551020408,"green":0.06713574027503995,"red":0.1831681630215947},"kerning":-0.07575757692307693,"textStyleVerticalAlignmentKey":2,"paragraphStyle":{"_class":"paragraphStyle","alignment":0,"allowsDefaultTighteningForTruncation":0}}}]},"automaticallyDrawOnUnderlyingPath":false,"dontSynchroniseWithSymbol":false,"glyphBounds":"{{0, 1}, {69, 11}}","lineSpacingBehaviour":2,"textBehaviour":0},{"_class":"rectangle","do_objectID":"30619F9E-642C-43C8-A79A-44835ED7014E","booleanOperation":-1,"isFixedToViewport":false,"isFlippedHorizontal":false,"isFlippedVertical":false,"isLocked":false,"isVisible":true,"layerListExpandedType":0,"maintainScrollPosition":false,"name":"Rectangle","nameIsFixed":false,"resizingConstraint":63,"resizingType":0,"rotation":0,"shouldBreakMaskChain":false,"exportOptions":{"_class":"exportOptions","includedLayerIds":[],"layerOptions":0,"shouldTrim":false,"exportFormats":[]},"frame":{"_class":"rect","constrainProportions":false,"height":11,"width":70,"x":-195,"y":-217},"clippingMaskMode":0,"hasClippingMask":false,"style":{"_class":"style","do_objectID":"28CB7DDB-AB6D-4274-B718-630C0109B413","endMarkerType":0,"miterLimit":10,"startMarkerType":0,"windingRule":1,"blur":{"_class":"blur","isEnabled":false,"center":"{0.5, 0.5}","motionAngle":0,"radius":10,"saturation":1,"type":0},"borderOptions":{"_class":"borderOptions","isEnabled":true,"dashPattern":[],"lineCapStyle":0,"lineJoinStyle":0},"borders":[{"_class":"border","isEnabled":true,"fillType":0,"color":{"_class":"color","alpha":1,"blue":0.592,"green":0.592,"red":0.592},"contextSettings":{"_class":"graphicsContextSettings","blendMode":0,"opacity":1},"gradient":{"_class":"gradient","elipseLength":0,"from":"{0.5, 0}","gradientType":0,"to":"{0.5, 1}","stops":[{"_class":"gradientStop","position":0,"color":{"_class":"color","alpha":1,"blue":1,"green":1,"red":1}},{"_class":"gradientStop","position":1,"color":{"_class":"color","alpha":1,"blue":0,"green":0,"red":0}}]},"position":1,"thickness":1}],"colorControls":{"_class":"colorControls","isEnabled":false,"brightness":0,"contrast":1,"hue":0,"saturation":1},"contextSettings":{"_class":"graphicsContextSettings","blendMode":0,"opacity":1},"fills":[{"_class":"fill","isEnabled":false,"fillType":0,"color":{"_class":"color","alpha":1,"blue":0.847,"green":0.847,"red":0.847},"contextSettings":{"_class":"graphicsContextSettings","blendMode":0,"opacity":1},"gradient":{"_class":"gradient","elipseLength":0,"from":"{0.5, 0}","gradientType":0,"to":"{0.5, 1}","stops":[{"_class":"gradientStop","position":0,"color":{"_class":"color","alpha":1,"blue":1,"green":1,"red":1}},{"_class":"gradientStop","position":1,"color":{"_class":"color","alpha":1,"blue":0,"green":0,"red":0}}]},"noiseIndex":0,"noiseIntensity":0,"patternFillType":1,"patternTileScale":1}],"innerShadows":[],"shadows":[]},"edited":false,"isClosed":true,"pointRadiusBehaviour":1,"points":[{"_class":"curvePoint","cornerRadius":0,"curveFrom":"{0, 0}","curveMode":1,"curveTo":"{0, 0}","hasCurveFrom":false,"hasCurveTo":false,"point":"{0, 0}"},{"_class":"curvePoint","cornerRadius":0,"curveFrom":"{1, 0}","curveMode":1,"curveTo":"{1, 0}","hasCurveFrom":false,"hasCurveTo":false,"point":"{1, 0}"},{"_class":"curvePoint","cornerRadius":0,"curveFrom":"{1, 1}","curveMode":1,"curveTo":"{1, 1}","hasCurveFrom":false,"hasCurveTo":false,"point":"{1, 1}"},{"_class":"curvePoint","cornerRadius":0,"curveFrom":"{0, 1}","curveMode":1,"curveTo":"{0, 1}","hasCurveFrom":false,"hasCurveTo":false,"point":"{0, 1}"}],"fixedRadius":0,"needsConvertionToNewRoundCorners":false,"hasConvertedToNewRoundCorners":true},{"_class":"text","do_objectID":"6514E499-BE93-4275-B796-CF2E121E7FBD","booleanOperation":-1,"isFixedToViewport":false,"isFlippedHorizontal":false,"isFlippedVertical":false,"isLocked":false,"isVisible":true,"layerListExpandedType":0,"maintainScrollPosition":false,"name":"Type something","nameIsFixed":false,"resizingConstraint":47,"resizingType":0,"rotation":0,"shouldBreakMaskChain":false,"exportOptions":{"_class":"exportOptions","includedLayerIds":[],"layerOptions":0,"shouldTrim":false,"exportFormats":[]},"frame":{"_class":"rect","constrainProportions":false,"height":17,"width":112,"x":-195,"y":-202},"clippingMaskMode":0,"hasClippingMask":false,"style":{"_class":"style","do_objectID":"0A93E3D6-5CA8-43BB-B37A-72DB910DE4FA","endMarkerType":0,"miterLimit":10,"startMarkerType":0,"windingRule":1,"blur":{"_class":"blur","isEnabled":false,"center":"{0.5, 0.5}","motionAngle":0,"radius":10,"saturation":1,"type":0},"borderOptions":{"_class":"borderOptions","isEnabled":true,"dashPattern":[],"lineCapStyle":0,"lineJoinStyle":0},"borders":[],"colorControls":{"_class":"colorControls","isEnabled":false,"brightness":0,"contrast":1,"hue":0,"saturation":1},"contextSettings":{"_class":"graphicsContextSettings","blendMode":0,"opacity":1},"fills":[],"innerShadows":[],"shadows":[],"textStyle":{"_class":"textStyle","encodedAttributes":{"MSAttributedStringColorAttribute":{"_class":"color","alpha":1,"blue":0.2115752551020408,"green":0.06713574027503995,"red":0.1831681630215947},"textStyleVerticalAlignmentKey":2,"MSAttributedStringFontAttribute":{"_class":"fontDescriptor","attributes":{"name":"ArialMT","size":16}},"paragraphStyle":{"_class":"paragraphStyle","alignment":0,"allowsDefaultTighteningForTruncation":0},"kerning":-0.1212121230769231},"verticalAlignment":2}},"attributedString":{"_class":"attributedString","string":"Type something","attributes":[{"_class":"stringAttribute","location":0,"length":14,"attributes":{"MSAttributedStringFontAttribute":{"_class":"fontDescriptor","attributes":{"name":"ArialMT","size":16}},"MSAttributedStringColorAttribute":{"_class":"color","alpha":1,"blue":0.2115752551020408,"green":0.06713574027503995,"red":0.1831681630215947},"kerning":-0.1212121230769231,"textStyleVerticalAlignmentKey":2,"paragraphStyle":{"_class":"paragraphStyle","alignment":0,"allowsDefaultTighteningForTruncation":0}}}]},"automaticallyDrawOnUnderlyingPath":false,"dontSynchroniseWithSymbol":false,"glyphBounds":"{{0, 2}, {111, 16}}","lineSpacingBehaviour":2,"textBehaviour":0},{"_class":"rectangle","do_objectID":"6D3D0D87-D2FA-47DB-857F-147A833E6BF3","booleanOperation":-1,"isFixedToViewport":false,"isFlippedHorizontal":false,"isFlippedVertical":false,"isLocked":false,"isVisible":true,"layerListExpandedType":0,"maintainScrollPosition":false,"name":"Rectangle","nameIsFixed":false,"resizingConstraint":63,"resizingType":0,"rotation":0,"shouldBreakMaskChain":false,"exportOptions":{"_class":"exportOptions","includedLayerIds":[],"layerOptions":0,"shouldTrim":false,"exportFormats":[]},"frame":{"_class":"rect","constrainProportions":false,"height":17,"width":112,"x":-195,"y":-202},"clippingMaskMode":0,"hasClippingMask":false,"style":{"_class":"style","do_objectID":"CF4A571B-17E6-4196-9BC6-EC69E6F10B1F","endMarkerType":0,"miterLimit":10,"startMarkerType":0,"windingRule":1,"blur":{"_class":"blur","isEnabled":false,"center":"{0.5, 0.5}","motionAngle":0,"radius":10,"saturation":1,"type":0},"borderOptions":{"_class":"borderOptions","isEnabled":true,"dashPattern":[],"lineCapStyle":0,"lineJoinStyle":0},"borders":[{"_class":"border","isEnabled":true,"fillType":0,"color":{"_class":"color","alpha":1,"blue":0.592,"green":0.592,"red":0.592},"contextSettings":{"_class":"graphicsContextSettings","blendMode":0,"opacity":1},"gradient":{"_class":"gradient","elipseLength":0,"from":"{0.5, 0}","gradientType":0,"to":"{0.5, 1}","stops":[{"_class":"gradientStop","position":0,"color":{"_class":"color","alpha":1,"blue":1,"green":1,"red":1}},{"_class":"gradientStop","position":1,"color":{"_class":"color","alpha":1,"blue":0,"green":0,"red":0}}]},"position":1,"thickness":1}],"colorControls":{"_class":"colorControls","isEnabled":false,"brightness":0,"contrast":1,"hue":0,"saturation":1},"contextSettings":{"_class":"graphicsContextSettings","blendMode":0,"opacity":1},"fills":[{"_class":"fill","isEnabled":false,"fillType":0,"color":{"_class":"color","alpha":1,"blue":0.847,"green":0.847,"red":0.847},"contextSettings":{"_class":"graphicsContextSettings","blendMode":0,"opacity":1},"gradient":{"_class":"gradient","elipseLength":0,"from":"{0.5, 0}","gradientType":0,"to":"{0.5, 1}","stops":[{"_class":"gradientStop","position":0,"color":{"_class":"color","alpha":1,"blue":1,"green":1,"red":1}},{"_class":"gradientStop","position":1,"color":{"_class":"color","alpha":1,"blue":0,"green":0,"red":0}}]},"noiseIndex":0,"noiseIntensity":0,"patternFillType":1,"patternTileScale":1}],"innerShadows":[],"shadows":[]},"edited":false,"isClosed":true,"pointRadiusBehaviour":1,"points":[{"_class":"curvePoint","cornerRadius":0,"curveFrom":"{0, 0}","curveMode":1,"curveTo":"{0, 0}","hasCurveFrom":false,"hasCurveTo":false,"point":"{0, 0}"},{"_class":"curvePoint","cornerRadius":0,"curveFrom":"{1, 0}","curveMode":1,"curveTo":"{1, 0}","hasCurveFrom":false,"hasCurveTo":false,"point":"{1, 0}"},{"_class":"curvePoint","cornerRadius":0,"curveFrom":"{1, 1}","curveMode":1,"curveTo":"{1, 1}","hasCurveFrom":false,"hasCurveTo":false,"point":"{1, 1}"},{"_class":"curvePoint","cornerRadius":0,"curveFrom":"{0, 1}","curveMode":1,"curveTo":"{0, 1}","hasCurveFrom":false,"hasCurveTo":false,"point":"{0, 1}"}],"fixedRadius":0,"needsConvertionToNewRoundCorners":false,"hasConvertedToNewRoundCorners":true},{"_class":"text","do_objectID":"06B8742A-BFFE-4068-9F77-B056102589C6","booleanOperation":-1,"isFixedToViewport":false,"isFlippedHorizontal":false,"isFlippedVertical":false,"isLocked":false,"isVisible":true,"layerListExpandedType":0,"maintainScrollPosition":false,"name":"Type something","nameIsFixed":false,"resizingConstraint":47,"resizingType":0,"rotation":0,"shouldBreakMaskChain":false,"exportOptions":{"_class":"exportOptions","includedLayerIds":[],"layerOptions":0,"shouldTrim":false,"exportFormats":[]},"frame":{"_class":"rect","constrainProportions":false,"height":27,"width":167,"x":-195,"y":-179},"clippingMaskMode":0,"hasClippingMask":false,"style":{"_class":"style","do_objectID":"9E8B7635-DCEB-4538-8627-ED9A69786A15","endMarkerType":0,"miterLimit":10,"startMarkerType":0,"windingRule":1,"blur":{"_class":"blur","isEnabled":false,"center":"{0.5, 0.5}","motionAngle":0,"radius":10,"saturation":1,"type":0},"borderOptions":{"_class":"borderOptions","isEnabled":true,"dashPattern":[],"lineCapStyle":0,"lineJoinStyle":0},"borders":[],"colorControls":{"_class":"colorControls","isEnabled":false,"brightness":0,"contrast":1,"hue":0,"saturation":1},"contextSettings":{"_class":"graphicsContextSettings","blendMode":0,"opacity":1},"fills":[],"innerShadows":[],"shadows":[],"textStyle":{"_class":"textStyle","encodedAttributes":{"MSAttributedStringColorAttribute":{"_class":"color","alpha":1,"blue":0.2115752551020408,"green":0.06713574027503995,"red":0.1831681630215947},"textStyleVerticalAlignmentKey":2,"MSAttributedStringFontAttribute":{"_class":"fontDescriptor","attributes":{"name":"ArialMT","size":24}},"paragraphStyle":{"_class":"paragraphStyle","alignment":0,"allowsDefaultTighteningForTruncation":0},"kerning":-0.1818181846153847},"verticalAlignment":2}},"attributedString":{"_class":"attributedString","string":"Type something","attributes":[{"_class":"stringAttribute","location":0,"length":14,"attributes":{"MSAttributedStringFontAttribute":{"_class":"fontDescriptor","attributes":{"name":"ArialMT","size":24}},"MSAttributedStringColorAttribute":{"_class":"color","alpha":1,"blue":0.2115752551020408,"green":0.06713574027503995,"red":0.1831681630215947},"kerning":-0.1818181846153847,"textStyleVerticalAlignmentKey":2,"paragraphStyle":{"_class":"paragraphStyle","alignment":0,"allowsDefaultTighteningForTruncation":0}}}]},"automaticallyDrawOnUnderlyingPath":false,"dontSynchroniseWithSymbol":false,"glyphBounds":"{{0, 4}, {166, 24}}","lineSpacingBehaviour":2,"textBehaviour":0},{"_class":"rectangle","do_objectID":"414811CA-EAC8-4840-9A8B-A958BD5ED663","booleanOperation":-1,"isFixedToViewport":false,"isFlippedHorizontal":false,"isFlippedVertical":false,"isLocked":false,"isVisible":true,"layerListExpandedType":0,"maintainScrollPosition":false,"name":"Rectangle","nameIsFixed":false,"resizingConstraint":63,"resizingType":0,"rotation":0,"shouldBreakMaskChain":false,"exportOptions":{"_class":"exportOptions","includedLayerIds":[],"layerOptions":0,"shouldTrim":false,"exportFormats":[]},"frame":{"_class":"rect","constrainProportions":false,"height":27,"width":167,"x":-195,"y":-179},"clippingMaskMode":0,"hasClippingMask":false,"style":{"_class":"style","do_objectID":"44C32351-F340-467D-92E7-09F61C6D8B29","endMarkerType":0,"miterLimit":10,"startMarkerType":0,"windingRule":1,"blur":{"_class":"blur","isEnabled":false,"center":"{0.5, 0.5}","motionAngle":0,"radius":10,"saturation":1,"type":0},"borderOptions":{"_class":"borderOptions","isEnabled":true,"dashPattern":[],"lineCapStyle":0,"lineJoinStyle":0},"borders":[{"_class":"border","isEnabled":true,"fillType":0,"color":{"_class":"color","alpha":1,"blue":0.592,"green":0.592,"red":0.592},"contextSettings":{"_class":"graphicsContextSettings","blendMode":0,"opacity":1},"gradient":{"_class":"gradient","elipseLength":0,"from":"{0.5, 0}","gradientType":0,"to":"{0.5, 1}","stops":[{"_class":"gradientStop","position":0,"color":{"_class":"color","alpha":1,"blue":1,"green":1,"red":1}},{"_class":"gradientStop","position":1,"color":{"_class":"color","alpha":1,"blue":0,"green":0,"red":0}}]},"position":1,"thickness":1}],"colorControls":{"_class":"colorControls","isEnabled":false,"brightness":0,"contrast":1,"hue":0,"saturation":1},"contextSettings":{"_class":"graphicsContextSettings","blendMode":0,"opacity":1},"fills":[{"_class":"fill","isEnabled":false,"fillType":0,"color":{"_class":"color","alpha":1,"blue":0.847,"green":0.847,"red":0.847},"contextSettings":{"_class":"graphicsContextSettings","blendMode":0,"opacity":1},"gradient":{"_class":"gradient","elipseLength":0,"from":"{0.5, 0}","gradientType":0,"to":"{0.5, 1}","stops":[{"_class":"gradientStop","position":0,"color":{"_class":"color","alpha":1,"blue":1,"green":1,"red":1}},{"_class":"gradientStop","position":1,"color":{"_class":"color","alpha":1,"blue":0,"green":0,"red":0}}]},"noiseIndex":0,"noiseIntensity":0,"patternFillType":1,"patternTileScale":1}],"innerShadows":[],"shadows":[]},"edited":false,"isClosed":true,"pointRadiusBehaviour":1,"points":[{"_class":"curvePoint","cornerRadius":0,"curveFrom":"{0, 0}","curveMode":1,"curveTo":"{0, 0}","hasCurveFrom":false,"hasCurveTo":false,"point":"{0, 0}"},{"_class":"curvePoint","cornerRadius":0,"curveFrom":"{1, 0}","curveMode":1,"curveTo":"{1, 0}","hasCurveFrom":false,"hasCurveTo":false,"point":"{1, 0}"},{"_class":"curvePoint","cornerRadius":0,"curveFrom":"{1, 1}","curveMode":1,"curveTo":"{1, 1}","hasCurveFrom":false,"hasCurveTo":false,"point":"{1, 1}"},{"_class":"curvePoint","cornerRadius":0,"curveFrom":"{0, 1}","curveMode":1,"curveTo":"{0, 1}","hasCurveFrom":false,"hasCurveTo":false,"point":"{0, 1}"}],"fixedRadius":0,"needsConvertionToNewRoundCorners":false,"hasConvertedToNewRoundCorners":true},{"_class":"text","do_objectID":"7E7D34AC-309E-4360-AD2D-D3717814738A","booleanOperation":-1,"isFixedToViewport":false,"isFlippedHorizontal":false,"isFlippedVertical":false,"isLocked":false,"isVisible":true,"layerListExpandedType":0,"maintainScrollPosition":false,"name":"Type something","nameIsFixed":false,"resizingConstraint":47,"resizingType":0,"rotation":0,"shouldBreakMaskChain":false,"exportOptions":{"_class":"exportOptions","includedLayerIds":[],"layerOptions":0,"shouldTrim":false,"exportFormats":[]},"frame":{"_class":"rect","constrainProportions":false,"height":67,"width":418,"x":-195,"y":-146},"clippingMaskMode":0,"hasClippingMask":false,"style":{"_class":"style","do_objectID":"6C34114B-B34D-4926-B31B-CF4623665487","endMarkerType":0,"miterLimit":10,"startMarkerType":0,"windingRule":1,"blur":{"_class":"blur","isEnabled":false,"center":"{0.5, 0.5}","motionAngle":0,"radius":10,"saturation":1,"type":0},"borderOptions":{"_class":"borderOptions","isEnabled":true,"dashPattern":[],"lineCapStyle":0,"lineJoinStyle":0},"borders":[],"colorControls":{"_class":"colorControls","isEnabled":false,"brightness":0,"contrast":1,"hue":0,"saturation":1},"contextSettings":{"_class":"graphicsContextSettings","blendMode":0,"opacity":1},"fills":[],"innerShadows":[],"shadows":[],"textStyle":{"_class":"textStyle","encodedAttributes":{"MSAttributedStringColorAttribute":{"_class":"color","alpha":1,"blue":0.2115752551020408,"green":0.06713574027503995,"red":0.1831681630215947},"textStyleVerticalAlignmentKey":2,"MSAttributedStringFontAttribute":{"_class":"fontDescriptor","attributes":{"name":"ArialMT","size":60}},"paragraphStyle":{"_class":"paragraphStyle","alignment":0,"allowsDefaultTighteningForTruncation":0},"kerning":-0.4545454615384618},"verticalAlignment":2}},"attributedString":{"_class":"attributedString","string":"Type something","attributes":[{"_class":"stringAttribute","location":0,"length":14,"attributes":{"MSAttributedStringFontAttribute":{"_class":"fontDescriptor","attributes":{"name":"ArialMT","size":60}},"MSAttributedStringColorAttribute":{"_class":"color","alpha":1,"blue":0.2115752551020408,"green":0.06713574027503995,"red":0.1831681630215947},"kerning":-0.4545454615384618,"textStyleVerticalAlignmentKey":2,"paragraphStyle":{"_class":"paragraphStyle","alignment":0,"allowsDefaultTighteningForTruncation":0}}}]},"automaticallyDrawOnUnderlyingPath":false,"dontSynchroniseWithSymbol":false,"glyphBounds":"{{1, 11}, {413, 56}}","lineSpacingBehaviour":2,"textBehaviour":0},{"_class":"rectangle","do_objectID":"8D155485-DF52-4091-9D4D-998CFC8E34B2","booleanOperation":-1,"isFixedToViewport":false,"isFlippedHorizontal":false,"isFlippedVertical":false,"isLocked":false,"isVisible":true,"layerListExpandedType":0,"maintainScrollPosition":false,"name":"Rectangle","nameIsFixed":false,"resizingConstraint":63,"resizingType":0,"rotation":0,"shouldBreakMaskChain":false,"exportOptions":{"_class":"exportOptions","includedLayerIds":[],"layerOptions":0,"shouldTrim":false,"exportFormats":[]},"frame":{"_class":"rect","constrainProportions":false,"height":67,"width":418,"x":-195,"y":-146},"clippingMaskMode":0,"hasClippingMask":false,"style":{"_class":"style","do_objectID":"CBCF840B-74B1-43B9-B8DE-02A85F6273FF","endMarkerType":0,"miterLimit":10,"startMarkerType":0,"windingRule":1,"blur":{"_class":"blur","isEnabled":false,"center":"{0.5, 0.5}","motionAngle":0,"radius":10,"saturation":1,"type":0},"borderOptions":{"_class":"borderOptions","isEnabled":true,"dashPattern":[],"lineCapStyle":0,"lineJoinStyle":0},"borders":[{"_class":"border","isEnabled":true,"fillType":0,"color":{"_class":"color","alpha":1,"blue":0.592,"green":0.592,"red":0.592},"contextSettings":{"_class":"graphicsContextSettings","blendMode":0,"opacity":1},"gradient":{"_class":"gradient","elipseLength":0,"from":"{0.5, 0}","gradientType":0,"to":"{0.5, 1}","stops":[{"_class":"gradientStop","position":0,"color":{"_class":"color","alpha":1,"blue":1,"green":1,"red":1}},{"_class":"gradientStop","position":1,"color":{"_class":"color","alpha":1,"blue":0,"green":0,"red":0}}]},"position":1,"thickness":1}],"colorControls":{"_class":"colorControls","isEnabled":false,"brightness":0,"contrast":1,"hue":0,"saturation":1},"contextSettings":{"_class":"graphicsContextSettings","blendMode":0,"opacity":1},"fills":[{"_class":"fill","isEnabled":false,"fillType":0,"color":{"_class":"color","alpha":1,"blue":0.847,"green":0.847,"red":0.847},"contextSettings":{"_class":"graphicsContextSettings","blendMode":0,"opacity":1},"gradient":{"_class":"gradient","elipseLength":0,"from":"{0.5, 0}","gradientType":0,"to":"{0.5, 1}","stops":[{"_class":"gradientStop","position":0,"color":{"_class":"color","alpha":1,"blue":1,"green":1,"red":1}},{"_class":"gradientStop","position":1,"color":{"_class":"color","alpha":1,"blue":0,"green":0,"red":0}}]},"noiseIndex":0,"noiseIntensity":0,"patternFillType":1,"patternTileScale":1}],"innerShadows":[],"shadows":[]},"edited":false,"isClosed":true,"pointRadiusBehaviour":1,"points":[{"_class":"curvePoint","cornerRadius":0,"curveFrom":"{0, 0}","curveMode":1,"curveTo":"{0, 0}","hasCurveFrom":false,"hasCurveTo":false,"point":"{0, 0}"},{"_class":"curvePoint","cornerRadius":0,"curveFrom":"{1, 0}","curveMode":1,"curveTo":"{1, 0}","hasCurveFrom":false,"hasCurveTo":false,"point":"{1, 0}"},{"_class":"curvePoint","cornerRadius":0,"curveFrom":"{1, 1}","curveMode":1,"curveTo":"{1, 1}","hasCurveFrom":false,"hasCurveTo":false,"point":"{1, 1}"},{"_class":"curvePoint","cornerRadius":0,"curveFrom":"{0, 1}","curveMode":1,"curveTo":"{0, 1}","hasCurveFrom":false,"hasCurveTo":false,"point":"{0, 1}"}],"fixedRadius":0,"needsConvertionToNewRoundCorners":false,"hasConvertedToNewRoundCorners":true}],"includeInCloudUpload":true,"horizontalRulerData":{"_class":"rulerData","base":-379,"guides":[]},"verticalRulerData":{"_class":"rulerData","base":-352,"guides":[]}}