{"_class":"document","do_objectID":"3DE95421-6E20-462D-9571-D44081EC1F66","colorSpace":0,"currentPageIndex":3,"assets":{"_class":"assetCollection","do_objectID":"FD37B917-409E-4FEE-AB4F-5BA8BB66D625","images":[],"colorAssets":[],"exportPresets":[],"gradientAssets":[],"imageCollection":{"_class":"imageCollection","images":{}},"colors":[],"gradients":[]},"foreignLayerStyles":[],"foreignSymbols":[],"foreignTextStyles":[],"layerStyles":{"_class":"sharedStyleContainer","objects":[]},"layerSymbols":{"_class":"symbolContainer","objects":[]},"layerTextStyles":{"_class":"sharedTextStyleContainer","objects":[]},"pages":[{"_class":"MSJSONFileReference","_ref_class":"MSImmutablePage","_ref":"pages\/05EC6C49-F6F0-4AC5-AF14-F7A4A02B3584"},{"_class":"MSJSONFileReference","_ref_class":"MSImmutablePage","_ref":"pages\/F28F32D4-7B2C-4E40-A55F-4B4975CD4A9F"},{"_class":"MSJSONFileReference","_ref_class":"MSImmutablePage","_ref":"pages\/52E4B385-0281-4107-BFB2-500AA6A70B64"},{"_class":"MSJSONFileReference","_ref_class":"MSImmutablePage","_ref":"pages\/09F211F0-4F15-42FA-8789-5A07C083D131"},{"_class":"MSJSONFileReference","_ref_class":"MSImmutablePage","_ref":"pages\/41EB52E5-5692-412F-A66B-7C45409AFBE8"},{"_class":"MSJSONFileReference","_ref_class":"MSImmutablePage","_ref":"pages\/C928E43D-4132-4036-97E4-9FDE83456FBC"},{"_class":"MSJSONFileReference","_ref_class":"MSImmutablePage","_ref":"pages\/C572297E-BF32-424E-BDD1-790BD9B82BB1"}]}