{"commit":"ebe35af5ba78090fd351ed427ecaafac003e0331","pagesAndArtboards":{"C928E43D-4132-4036-97E4-9FDE83456FBC":{"name":"Page 1","artboards":{}},"F28F32D4-7B2C-4E40-A55F-4B4975CD4A9F":{"name":"subtract","artboards":{}},"09F211F0-4F15-42FA-8789-5A07C083D131":{"name":"diff","artboards":{}},"52E4B385-0281-4107-BFB2-500AA6A70B64":{"name":"intersect","artboards":{}},"41EB52E5-5692-412F-A66B-7C45409AFBE8":{"name":"bop1","artboards":{}},"05EC6C49-F6F0-4AC5-AF14-F7A4A02B3584":{"name":"union","artboards":{}},"C572297E-BF32-424E-BDD1-790BD9B82BB1":{"name":"Page 2","artboards":{}}},"version":121,"fonts":["STHeitiSC-Medium"],"compatibilityVersion":99,"app":"com.bohemiancoding.sketch3","autosaved":0,"variant":"NONAPPSTORE","created":{"commit":"ebe35af5ba78090fd351ed427ecaafac003e0331","appVersion":"59.1","build":86144,"app":"com.bohemiancoding.sketch3","compatibilityVersion":99,"version":121,"variant":"NONAPPSTORE"},"saveHistory":["NONAPPSTORE.86144"],"appVersion":"59.1","build":86144}