{"C572297E-BF32-424E-BDD1-790BD9B82BB1":{"scrollOrigin":"{404, 377}","zoomValue":1},"F28F32D4-7B2C-4E40-A55F-4B4975CD4A9F":{"scrollOrigin":"{378, 351}","zoomValue":1},"09F211F0-4F15-42FA-8789-5A07C083D131":{"scrollOrigin":"{378, 351}","zoomValue":1},"document":{"pageListHeight":85,"pageListCollapsed":0},"52E4B385-0281-4107-BFB2-500AA6A70B64":{"scrollOrigin":"{378, 351}","zoomValue":1},"41EB52E5-5692-412F-A66B-7C45409AFBE8":{"scrollOrigin":"{83, 61}","zoomValue":1},"05EC6C49-F6F0-4AC5-AF14-F7A4A02B3584":{"scrollOrigin":"{378, 351}","zoomValue":1},"C928E43D-4132-4036-97E4-9FDE83456FBC":{"scrollOrigin":"{378, 351}","zoomValue":1}}