{"_class":"page","do_objectID":"AB5E60B7-FC0E-4F7F-BF85-2D1EDB04CE9C","booleanOperation":-1,"isFixedToViewport":false,"isFlippedHorizontal":false,"isFlippedVertical":false,"isLocked":false,"isVisible":true,"layerListExpandedType":0,"maintainScrollPosition":false,"name":"Page 1","nameIsFixed":false,"resizingConstraint":63,"resizingType":0,"rotation":0,"shouldBreakMaskChain":false,"exportOptions":{"_class":"exportOptions","includedLayerIds":[],"layerOptions":0,"shouldTrim":false,"exportFormats":[]},"frame":{"_class":"rect","constrainProportions":false,"height":0,"width":0,"x":0,"y":0},"clippingMaskMode":0,"hasClippingMask":false,"style":{"_class":"style","do_objectID":"AD8E07F2-8E95-4205-87C3-8449322CBBBD","endMarkerType":0,"miterLimit":10,"startMarkerType":0,"windingRule":1,"blur":{"_class":"blur","isEnabled":false,"center":"{0.5, 0.5}","motionAngle":0,"radius":10,"saturation":1,"type":0},"borderOptions":{"_class":"borderOptions","isEnabled":true,"dashPattern":[],"lineCapStyle":0,"lineJoinStyle":0},"borders":[],"colorControls":{"_class":"colorControls","isEnabled":false,"brightness":0,"contrast":1,"hue":0,"saturation":1},"contextSettings":{"_class":"graphicsContextSettings","blendMode":0,"opacity":1},"fills":[],"innerShadows":[],"shadows":[]},"hasClickThrough":true,"groupLayout":{"_class":"MSImmutableFreeformGroupLayout"},"layers":[{"_class":"text","do_objectID":"888C436A-275D-4BFD-9D62-E73DF60F37E6","booleanOperation":-1,"isFixedToViewport":false,"isFlippedHorizontal":false,"isFlippedVertical":false,"isLocked":false,"isVisible":true,"layerListExpandedType":0,"maintainScrollPosition":false,"name":"Type something","nameIsFixed":false,"resizingConstraint":47,"resizingType":0,"rotation":0,"shouldBreakMaskChain":false,"exportOptions":{"_class":"exportOptions","includedLayerIds":[],"layerOptions":0,"shouldTrim":false,"exportFormats":[]},"frame":{"_class":"rect","constrainProportions":false,"height":116,"width":360,"x":145,"y":-40},"clippingMaskMode":0,"hasClippingMask":false,"sharedStyleID":"892844EB-2A9D-4D62-855C-08494AC31FE7","style":{"_class":"style","do_objectID":"0C8B0AB4-BD0F-4553-9144-97448F70310C","endMarkerType":0,"miterLimit":10,"startMarkerType":0,"windingRule":1,"blur":{"_class":"blur","isEnabled":false,"center":"{0.5, 0.5}","motionAngle":0,"radius":10,"saturation":1,"type":0},"borderOptions":{"_class":"borderOptions","isEnabled":true,"dashPattern":[],"lineCapStyle":0,"lineJoinStyle":0},"borders":[],"colorControls":{"_class":"colorControls","isEnabled":false,"brightness":0,"contrast":1,"hue":0,"saturation":1},"contextSettings":{"_class":"graphicsContextSettings","blendMode":0,"opacity":1},"fills":[],"innerShadows":[],"shadows":[],"textStyle":{"_class":"textStyle","encodedAttributes":{"MSAttributedStringFontAttribute":{"_class":"fontDescriptor","attributes":{"name":"ArialMT","size":104}},"MSAttributedStringColorAttribute":{"_class":"color","alpha":1,"blue":0.2115752551020408,"green":0.06713574027503995,"red":0.1831681630215947},"textStyleVerticalAlignmentKey":1,"paragraphStyle":{"_class":"paragraphStyle","alignment":2,"allowsDefaultTighteningForTruncation":0},"kerning":-0.7878788},"verticalAlignment":1}},"attributedString":{"_class":"attributedString","string":"Type something","attributes":[{"_class":"stringAttribute","location":0,"length":5,"attributes":{"MSAttributedStringFontAttribute":{"_class":"fontDescriptor","attributes":{"name":"ArialMT","size":104}},"MSAttributedStringColorAttribute":{"_class":"color","alpha":1,"blue":0.2115752551020408,"green":0.06713574027503995,"red":0.1831681630215947},"kerning":-0.7878788,"textStyleVerticalAlignmentKey":1,"paragraphStyle":{"_class":"paragraphStyle","alignment":2,"allowsDefaultTighteningForTruncation":0}}},{"_class":"stringAttribute","location":5,"length":9,"attributes":{"MSAttributedStringFontAttribute":{"_class":"fontDescriptor","attributes":{"name":"ArialMT","size":24}},"MSAttributedStringColorAttribute":{"_class":"color","alpha":1,"blue":0.2115752551020408,"green":0.06713574027503995,"red":0.1831681630215947},"kerning":-0.1818181846153846,"textStyleVerticalAlignmentKey":1,"paragraphStyle":{"_class":"paragraphStyle","alignment":2,"allowsDefaultTighteningForTruncation":0}}}]},"automaticallyDrawOnUnderlyingPath":false,"dontSynchroniseWithSymbol":false,"glyphBounds":"{{2, 19}, {357, 97}}","lineSpacingBehaviour":2,"textBehaviour":0},{"_class":"text","do_objectID":"97928D75-AFA4-45CF-AE53-1EE13CB70AF7","booleanOperation":-1,"isFixedToViewport":false,"isFlippedHorizontal":false,"isFlippedVertical":false,"isLocked":false,"isVisible":true,"layerListExpandedType":0,"maintainScrollPosition":false,"name":"Type something","nameIsFixed":false,"resizingConstraint":47,"resizingType":0,"rotation":0,"shouldBreakMaskChain":false,"exportOptions":{"_class":"exportOptions","includedLayerIds":[],"layerOptions":0,"shouldTrim":false,"exportFormats":[]},"frame":{"_class":"rect","constrainProportions":false,"height":21,"width":162,"x":109,"y":115},"clippingMaskMode":0,"hasClippingMask":false,"style":{"_class":"style","do_objectID":"41D40646-6BD6-492A-85BA-95E5FBB871FF","endMarkerType":0,"miterLimit":10,"startMarkerType":0,"windingRule":1,"blur":{"_class":"blur","isEnabled":false,"center":"{0.5, 0.5}","motionAngle":0,"radius":10,"saturation":1,"type":0},"borderOptions":{"_class":"borderOptions","isEnabled":true,"dashPattern":[],"lineCapStyle":0,"lineJoinStyle":0},"borders":[],"colorControls":{"_class":"colorControls","isEnabled":false,"brightness":0,"contrast":1,"hue":0,"saturation":1},"contextSettings":{"_class":"graphicsContextSettings","blendMode":0,"opacity":1},"fills":[],"innerShadows":[],"shadows":[],"textStyle":{"_class":"textStyle","encodedAttributes":{"MSAttributedStringColorAttribute":{"_class":"color","alpha":1,"blue":0.1254901960784314,"green":0.1254901960784314,"red":0.8784313725490196},"textStyleVerticalAlignmentKey":0,"MSAttributedStringFontAttribute":{"_class":"fontDescriptor","attributes":{"name":"Herculanum","size":21}},"paragraphStyle":{"_class":"paragraphStyle","alignment":0,"allowsDefaultTighteningForTruncation":0},"kerning":0},"verticalAlignment":0}},"attributedString":{"_class":"attributedString","string":"Type something","attributes":[{"_class":"stringAttribute","location":0,"length":14,"attributes":{"MSAttributedStringFontAttribute":{"_class":"fontDescriptor","attributes":{"name":"Herculanum","size":21}},"MSAttributedStringColorAttribute":{"_class":"color","alpha":1,"blue":0.1254901960784314,"green":0.1254901960784314,"red":0.8784313725490196},"kerning":0,"textStyleVerticalAlignmentKey":0,"paragraphStyle":{"_class":"paragraphStyle","alignment":0,"allowsDefaultTighteningForTruncation":0}}}]},"automaticallyDrawOnUnderlyingPath":false,"dontSynchroniseWithSymbol":false,"glyphBounds":"{{0, 3}, {161, 16}}","lineSpacingBehaviour":2,"textBehaviour":0},{"_class":"text","do_objectID":"4BC0EBD6-330E-41C8-93C6-7B4C41D048A0","booleanOperation":-1,"isFixedToViewport":false,"isFlippedHorizontal":false,"isFlippedVertical":false,"isLocked":false,"isVisible":true,"layerListExpandedType":0,"maintainScrollPosition":false,"name":"Type something","nameIsFixed":false,"resizingConstraint":47,"resizingType":0,"rotation":0,"shouldBreakMaskChain":false,"exportOptions":{"_class":"exportOptions","includedLayerIds":[],"layerOptions":0,"shouldTrim":false,"exportFormats":[]},"frame":{"_class":"rect","constrainProportions":false,"height":21,"width":160,"x":109,"y":145},"clippingMaskMode":0,"hasClippingMask":false,"style":{"_class":"style","do_objectID":"47D71F1A-E38E-4E64-B8A5-8BA655BD15E1","endMarkerType":0,"miterLimit":10,"startMarkerType":0,"windingRule":1,"blur":{"_class":"blur","isEnabled":false,"center":"{0.5, 0.5}","motionAngle":0,"radius":10,"saturation":1,"type":0},"borderOptions":{"_class":"borderOptions","isEnabled":true,"dashPattern":[],"lineCapStyle":0,"lineJoinStyle":0},"borders":[],"colorControls":{"_class":"colorControls","isEnabled":false,"brightness":0,"contrast":1,"hue":0,"saturation":1},"contextSettings":{"_class":"graphicsContextSettings","blendMode":0,"opacity":1},"fills":[],"innerShadows":[],"shadows":[],"textStyle":{"_class":"textStyle","encodedAttributes":{"MSAttributedStringColorAttribute":{"_class":"color","alpha":1,"blue":0.1254901960784314,"green":0.1254901960784314,"red":0.8784313725490196},"textStyleVerticalAlignmentKey":0,"MSAttributedStringFontAttribute":{"_class":"fontDescriptor","attributes":{"name":"STHeitiSC-Light","size":21}},"paragraphStyle":{"_class":"paragraphStyle","alignment":0,"allowsDefaultTighteningForTruncation":0},"kerning":0},"verticalAlignment":0}},"attributedString":{"_class":"attributedString","string":"Type something","attributes":[{"_class":"stringAttribute","location":0,"length":14,"attributes":{"MSAttributedStringFontAttribute":{"_class":"fontDescriptor","attributes":{"name":"STHeitiSC-Light","size":21}},"MSAttributedStringColorAttribute":{"_class":"color","alpha":1,"blue":0.1254901960784314,"green":0.1254901960784314,"red":0.8784313725490196},"kerning":0,"textStyleVerticalAlignmentKey":0,"paragraphStyle":{"_class":"paragraphStyle","alignment":0,"allowsDefaultTighteningForTruncation":0}}}]},"automaticallyDrawOnUnderlyingPath":false,"dontSynchroniseWithSymbol":false,"glyphBounds":"{{0, 1}, {159, 20}}","lineSpacingBehaviour":2,"textBehaviour":0},{"_class":"text","do_objectID":"CE8260B5-E821-48B2-B121-A3378DB9A8DC","booleanOperation":-1,"isFixedToViewport":false,"isFlippedHorizontal":false,"isFlippedVertical":false,"isLocked":false,"isVisible":true,"layerListExpandedType":0,"maintainScrollPosition":false,"name":"Type something","nameIsFixed":false,"resizingConstraint":47,"resizingType":0,"rotation":0,"shouldBreakMaskChain":false,"exportOptions":{"_class":"exportOptions","includedLayerIds":[],"layerOptions":0,"shouldTrim":false,"exportFormats":[]},"frame":{"_class":"rect","constrainProportions":false,"height":21,"width":160,"x":109,"y":176},"clippingMaskMode":0,"hasClippingMask":false,"style":{"_class":"style","do_objectID":"9D9BD5C5-2EA1-4240-A755-CA0A08CD43F5","endMarkerType":0,"miterLimit":10,"startMarkerType":0,"windingRule":1,"blur":{"_class":"blur","isEnabled":false,"center":"{0.5, 0.5}","motionAngle":0,"radius":10,"saturation":1,"type":0},"borderOptions":{"_class":"borderOptions","isEnabled":true,"dashPattern":[],"lineCapStyle":0,"lineJoinStyle":0},"borders":[],"colorControls":{"_class":"colorControls","isEnabled":false,"brightness":0,"contrast":1,"hue":0,"saturation":1},"contextSettings":{"_class":"graphicsContextSettings","blendMode":0,"opacity":1},"fills":[],"innerShadows":[],"shadows":[],"textStyle":{"_class":"textStyle","encodedAttributes":{"MSAttributedStringFontAttribute":{"_class":"fontDescriptor","attributes":{"name":"STHeitiSC-Medium","size":21}},"MSAttributedStringColorAttribute":{"_class":"color","alpha":1,"blue":0.1254901960784314,"green":0.1254901960784314,"red":0.8784313725490196},"textStyleVerticalAlignmentKey":0,"paragraphStyle":{"_class":"paragraphStyle","alignment":0,"allowsDefaultTighteningForTruncation":0},"kerning":0},"verticalAlignment":0}},"attributedString":{"_class":"attributedString","string":"Type something","attributes":[{"_class":"stringAttribute","location":0,"length":14,"attributes":{"MSAttributedStringFontAttribute":{"_class":"fontDescriptor","attributes":{"name":"STHeitiSC-Medium","size":21}},"MSAttributedStringColorAttribute":{"_class":"color","alpha":1,"blue":0.1254901960784314,"green":0.1254901960784314,"red":0.8784313725490196},"textStyleVerticalAlignmentKey":0,"paragraphStyle":{"_class":"paragraphStyle","alignment":0,"allowsDefaultTighteningForTruncation":0},"kerning":0}}]},"automaticallyDrawOnUnderlyingPath":false,"dontSynchroniseWithSymbol":false,"glyphBounds":"{{0, 0}, {159, 21}}","lineSpacingBehaviour":2,"textBehaviour":0},{"_class":"text","do_objectID":"131531C8-0D64-4EA3-93A3-A82E5FDB3F9C","booleanOperation":-1,"isFixedToViewport":false,"isFlippedHorizontal":false,"isFlippedVertical":false,"isLocked":false,"isVisible":true,"layerListExpandedType":0,"maintainScrollPosition":false,"name":"Type something","nameIsFixed":false,"resizingConstraint":47,"resizingType":0,"rotation":0,"shouldBreakMaskChain":false,"exportOptions":{"_class":"exportOptions","includedLayerIds":[],"layerOptions":0,"shouldTrim":false,"exportFormats":[]},"frame":{"_class":"rect","constrainProportions":false,"height":21,"width":160,"x":109,"y":477},"clippingMaskMode":0,"hasClippingMask":false,"style":{"_class":"style","do_objectID":"35D96AB7-6B8F-465E-AB27-75AAF9D14C18","endMarkerType":0,"miterLimit":10,"startMarkerType":0,"windingRule":1,"blur":{"_class":"blur","isEnabled":false,"center":"{0.5, 0.5}","motionAngle":0,"radius":10,"saturation":1,"type":0},"borderOptions":{"_class":"borderOptions","isEnabled":true,"dashPattern":[],"lineCapStyle":0,"lineJoinStyle":0},"borders":[],"colorControls":{"_class":"colorControls","isEnabled":false,"brightness":0,"contrast":1,"hue":0,"saturation":1},"contextSettings":{"_class":"graphicsContextSettings","blendMode":0,"opacity":1},"fills":[{"_class":"fill","isEnabled":true,"fillType":1,"color":{"_class":"color","alpha":1,"blue":0.847,"green":0.847,"red":0.847},"contextSettings":{"_class":"graphicsContextSettings","blendMode":0,"opacity":1},"gradient":{"_class":"gradient","elipseLength":2.344637748809026,"from":"{0.5, 0}","gradientType":1,"to":"{0.5, 1}","stops":[{"_class":"gradientStop","position":0,"color":{"_class":"color","alpha":1,"blue":0.1975427006613285,"green":0.7881283967391305,"red":0.3712595596912065}},{"_class":"gradientStop","position":1,"color":{"_class":"color","alpha":1,"blue":0,"green":0,"red":0}}]},"noiseIndex":0,"noiseIntensity":0,"patternFillType":1,"patternTileScale":1}],"innerShadows":[],"shadows":[],"textStyle":{"_class":"textStyle","encodedAttributes":{"MSAttributedStringFontAttribute":{"_class":"fontDescriptor","attributes":{"name":"STHeitiSC-Medium","size":21}},"MSAttributedStringColorAttribute":{"_class":"color","alpha":1,"blue":0.1254901960784314,"green":0.1254901960784314,"red":0.8784313725490196},"textStyleVerticalAlignmentKey":0,"paragraphStyle":{"_class":"paragraphStyle","alignment":0,"allowsDefaultTighteningForTruncation":0},"kerning":0},"verticalAlignment":0}},"attributedString":{"_class":"attributedString","string":"Type something","attributes":[{"_class":"stringAttribute","location":0,"length":14,"attributes":{"MSAttributedStringFontAttribute":{"_class":"fontDescriptor","attributes":{"name":"STHeitiSC-Medium","size":21}},"MSAttributedStringColorAttribute":{"_class":"color","alpha":1,"blue":0.1254901960784314,"green":0.1254901960784314,"red":0.8784313725490196},"textStyleVerticalAlignmentKey":0,"paragraphStyle":{"_class":"paragraphStyle","alignment":0,"allowsDefaultTighteningForTruncation":0},"kerning":0}}]},"automaticallyDrawOnUnderlyingPath":false,"dontSynchroniseWithSymbol":false,"glyphBounds":"{{0, 0}, {159, 21}}","lineSpacingBehaviour":2,"textBehaviour":0},{"_class":"text","do_objectID":"8F7C9ED0-23AD-4607-9CB3-4FC491A2EDE1","booleanOperation":-1,"isFixedToViewport":false,"isFlippedHorizontal":false,"isFlippedVertical":false,"isLocked":false,"isVisible":true,"layerListExpandedType":0,"maintainScrollPosition":false,"name":"Type something","nameIsFixed":false,"resizingConstraint":47,"resizingType":0,"rotation":0,"shouldBreakMaskChain":false,"exportOptions":{"_class":"exportOptions","includedLayerIds":[],"layerOptions":0,"shouldTrim":false,"exportFormats":[]},"frame":{"_class":"rect","constrainProportions":false,"height":116,"width":231,"x":109,"y":351},"clippingMaskMode":0,"hasClippingMask":false,"style":{"_class":"style","do_objectID":"7D43238D-C197-4504-9773-4DF3DB4D0104","endMarkerType":0,"miterLimit":10,"startMarkerType":0,"windingRule":1,"blur":{"_class":"blur","isEnabled":false,"center":"{0.5, 0.5}","motionAngle":0,"radius":10,"saturation":1,"type":0},"borderOptions":{"_class":"borderOptions","isEnabled":true,"dashPattern":[],"lineCapStyle":0,"lineJoinStyle":0},"borders":[],"colorControls":{"_class":"colorControls","isEnabled":false,"brightness":0,"contrast":1,"hue":0,"saturation":1},"contextSettings":{"_class":"graphicsContextSettings","blendMode":0,"opacity":1},"fills":[],"innerShadows":[],"shadows":[],"textStyle":{"_class":"textStyle","encodedAttributes":{"MSAttributedStringColorAttribute":{"_class":"color","alpha":1,"blue":0.1254901960784314,"green":0.1254901960784314,"red":0.8784313725490196},"textStyleVerticalAlignmentKey":0,"MSAttributedStringFontAttribute":{"_class":"fontDescriptor","attributes":{"name":"STHeitiSC-Medium","size":21}},"paragraphStyle":{"_class":"paragraphStyle","alignment":1,"allowsDefaultTighteningForTruncation":0},"kerning":0},"verticalAlignment":1}},"attributedString":{"_class":"attributedString","string":"Type something","attributes":[{"_class":"stringAttribute","location":0,"length":14,"attributes":{"MSAttributedStringFontAttribute":{"_class":"fontDescriptor","attributes":{"name":"STHeitiSC-Medium","size":21}},"MSAttributedStringColorAttribute":{"_class":"color","alpha":1,"blue":0.1254901960784314,"green":0.1254901960784314,"red":0.8784313725490196},"kerning":0,"textStyleVerticalAlignmentKey":0,"paragraphStyle":{"_class":"paragraphStyle","alignment":1,"allowsDefaultTighteningForTruncation":0}}}]},"automaticallyDrawOnUnderlyingPath":false,"dontSynchroniseWithSymbol":false,"glyphBounds":"{{71, 0}, {159, 21}}","lineSpacingBehaviour":2,"textBehaviour":2},{"_class":"text","do_objectID":"3E29C600-CB77-4752-B67C-9D8337C7A0C0","booleanOperation":-1,"isFixedToViewport":false,"isFlippedHorizontal":false,"isFlippedVertical":false,"isLocked":false,"isVisible":true,"layerListExpandedType":0,"maintainScrollPosition":false,"name":"Type something","nameIsFixed":false,"resizingConstraint":47,"resizingType":0,"rotation":0,"shouldBreakMaskChain":false,"exportOptions":{"_class":"exportOptions","includedLayerIds":[],"layerOptions":0,"shouldTrim":false,"exportFormats":[]},"frame":{"_class":"rect","constrainProportions":false,"height":50,"width":125,"x":109,"y":249},"clippingMaskMode":0,"hasClippingMask":false,"style":{"_class":"style","do_objectID":"E3E80DAE-1DDF-4F7E-82FA-80A3F5DA556E","endMarkerType":0,"miterLimit":10,"startMarkerType":0,"windingRule":1,"blur":{"_class":"blur","isEnabled":false,"center":"{0.5, 0.5}","motionAngle":0,"radius":10,"saturation":1,"type":0},"borderOptions":{"_class":"borderOptions","isEnabled":true,"dashPattern":[],"lineCapStyle":0,"lineJoinStyle":0},"borders":[],"colorControls":{"_class":"colorControls","isEnabled":false,"brightness":0,"contrast":1,"hue":0,"saturation":1},"contextSettings":{"_class":"graphicsContextSettings","blendMode":0,"opacity":1},"fills":[],"innerShadows":[],"shadows":[],"textStyle":{"_class":"textStyle","encodedAttributes":{"MSAttributedStringColorAttribute":{"_class":"color","alpha":1,"blue":0.1254901960784314,"green":0.1254901960784314,"red":0.8784313725490196},"textStyleVerticalAlignmentKey":0,"MSAttributedStringFontAttribute":{"_class":"fontDescriptor","attributes":{"name":"STHeitiSC-Medium","size":21}},"paragraphStyle":{"_class":"paragraphStyle","alignment":0,"paragraphSpacing":8,"allowsDefaultTighteningForTruncation":0},"kerning":2},"verticalAlignment":0}},"attributedString":{"_class":"attributedString","string":"Type \nsomething","attributes":[{"_class":"stringAttribute","location":0,"length":15,"attributes":{"MSAttributedStringFontAttribute":{"_class":"fontDescriptor","attributes":{"name":"STHeitiSC-Medium","size":21}},"MSAttributedStringColorAttribute":{"_class":"color","alpha":1,"blue":0.1254901960784314,"green":0.1254901960784314,"red":0.8784313725490196},"kerning":2,"textStyleVerticalAlignmentKey":0,"paragraphStyle":{"_class":"paragraphStyle","alignment":0,"paragraphSpacing":8,"allowsDefaultTighteningForTruncation":0}}}]},"automaticallyDrawOnUnderlyingPath":false,"dontSynchroniseWithSymbol":false,"glyphBounds":"{{0, 1}, {122, 49}}","lineSpacingBehaviour":2,"textBehaviour":0}],"includeInCloudUpload":true,"horizontalRulerData":{"_class":"rulerData","base":0,"guides":[]},"verticalRulerData":{"_class":"rulerData","base":0,"guides":[]}}