{"_class":"page","do_objectID":"6A0DAC64-A4B5-422A-80DA-1E564F4DCAAA","booleanOperation":-1,"isFixedToViewport":false,"isFlippedHorizontal":false,"isFlippedVertical":false,"isLocked":false,"isVisible":true,"layerListExpandedType":0,"maintainScrollPosition":false,"name":"Page 1","nameIsFixed":false,"resizingConstraint":63,"resizingType":0,"rotation":0,"shouldBreakMaskChain":false,"exportOptions":{"_class":"exportOptions","includedLayerIds":[],"layerOptions":0,"shouldTrim":false,"exportFormats":[]},"frame":{"_class":"rect","constrainProportions":false,"height":0,"width":0,"x":0,"y":0},"clippingMaskMode":0,"hasClippingMask":false,"style":{"_class":"style","do_objectID":"D724AEEF-D43E-4261-8143-790167BAEAEC","endMarkerType":0,"miterLimit":10,"startMarkerType":0,"windingRule":1,"blur":{"_class":"blur","isEnabled":false,"center":"{0.5, 0.5}","motionAngle":0,"radius":10,"saturation":1,"type":0},"borderOptions":{"_class":"borderOptions","isEnabled":true,"dashPattern":[],"lineCapStyle":0,"lineJoinStyle":0},"borders":[],"colorControls":{"_class":"colorControls","isEnabled":false,"brightness":0,"contrast":1,"hue":0,"saturation":1},"contextSettings":{"_class":"graphicsContextSettings","blendMode":0,"opacity":1},"fills":[],"innerShadows":[],"shadows":[]},"hasClickThrough":true,"groupLayout":{"_class":"MSImmutableFreeformGroupLayout"},"layers":[{"_class":"group","do_objectID":"96944DF6-685B-4803-B43F-C183E69E7457","booleanOperation":0,"isFixedToViewport":false,"isFlippedHorizontal":false,"isFlippedVertical":false,"isLocked":false,"isVisible":true,"layerListExpandedType":1,"maintainScrollPosition":false,"name":"图形","nameIsFixed":true,"resizingConstraint":63,"resizingType":0,"rotation":0,"shouldBreakMaskChain":false,"exportOptions":{"_class":"exportOptions","includedLayerIds":[],"layerOptions":0,"shouldTrim":false,"exportFormats":[]},"frame":{"_class":"rect","constrainProportions":true,"height":120,"width":120,"x":292,"y":265},"clippingMaskMode":0,"hasClippingMask":false,"style":{"_class":"style","do_objectID":"BD46CE11-83DE-4DEA-9CC3-05B13B2B808D","endMarkerType":0,"miterLimit":10,"startMarkerType":0,"windingRule":1,"blur":{"_class":"blur","isEnabled":false,"center":"{0.5, 0.5}","motionAngle":0,"radius":2.580645161290323,"saturation":1,"type":0},"borderOptions":{"_class":"borderOptions","isEnabled":true,"dashPattern":[],"lineCapStyle":0,"lineJoinStyle":0},"borders":[],"colorControls":{"_class":"colorControls","isEnabled":true,"brightness":0,"contrast":1,"hue":0,"saturation":1},"contextSettings":{"_class":"graphicsContextSettings","blendMode":0,"opacity":1},"fills":[],"innerShadows":[],"shadows":[]},"hasClickThrough":false,"groupLayout":{"_class":"MSImmutableFreeformGroupLayout"},"layers":[{"_class":"group","do_objectID":"EAB2EE2E-6A3A-4957-9F23-A9860FE1B83F","booleanOperation":0,"isFixedToViewport":false,"isFlippedHorizontal":false,"isFlippedVertical":false,"isLocked":false,"isVisible":true,"layerListExpandedType":0,"maintainScrollPosition":false,"name":"Group-25","nameIsFixed":false,"resizingConstraint":63,"resizingType":0,"rotation":0,"shouldBreakMaskChain":false,"exportOptions":{"_class":"exportOptions","includedLayerIds":[],"layerOptions":0,"shouldTrim":false,"exportFormats":[]},"frame":{"_class":"rect","constrainProportions":false,"height":120,"width":120,"x":0,"y":0},"clippingMaskMode":0,"hasClippingMask":false,"style":{"_class":"style","do_objectID":"A861DCCF-84F1-4B95-8983-8630B82C7628","endMarkerType":0,"miterLimit":10,"startMarkerType":0,"windingRule":1,"blur":{"_class":"blur","isEnabled":false,"center":"{0.5, 0.5}","motionAngle":0,"radius":2.580645161290323,"saturation":1,"type":0},"borderOptions":{"_class":"borderOptions","isEnabled":true,"dashPattern":[],"lineCapStyle":0,"lineJoinStyle":0},"borders":[],"colorControls":{"_class":"colorControls","isEnabled":true,"brightness":0,"contrast":1,"hue":0,"saturation":1},"contextSettings":{"_class":"graphicsContextSettings","blendMode":0,"opacity":1},"fills":[],"innerShadows":[],"shadows":[]},"hasClickThrough":false,"groupLayout":{"_class":"MSImmutableFreeformGroupLayout"},"layers":[{"_class":"group","do_objectID":"CECC7BDC-B601-48C5-B76C-4653820E0AEA","booleanOperation":0,"isFixedToViewport":false,"isFlippedHorizontal":false,"isFlippedVertical":false,"isLocked":false,"isVisible":true,"layerListExpandedType":0,"maintainScrollPosition":false,"name":"2","nameIsFixed":false,"resizingConstraint":63,"resizingType":0,"rotation":0,"shouldBreakMaskChain":false,"exportOptions":{"_class":"exportOptions","includedLayerIds":[],"layerOptions":0,"shouldTrim":false,"exportFormats":[]},"frame":{"_class":"rect","constrainProportions":false,"height":120,"width":90,"x":0,"y":0},"clippingMaskMode":0,"hasClippingMask":false,"style":{"_class":"style","do_objectID":"A8E75CD7-AC90-4A32-AC87-BA5198B3C14A","endMarkerType":0,"miterLimit":10,"startMarkerType":0,"windingRule":1,"blur":{"_class":"blur","isEnabled":false,"center":"{0.5, 0.5}","motionAngle":0,"radius":2.580645161290323,"saturation":1,"type":0},"borderOptions":{"_class":"borderOptions","isEnabled":true,"dashPattern":[],"lineCapStyle":0,"lineJoinStyle":0},"borders":[],"colorControls":{"_class":"colorControls","isEnabled":true,"brightness":0,"contrast":1,"hue":0,"saturation":1},"contextSettings":{"_class":"graphicsContextSettings","blendMode":0,"opacity":1},"fills":[],"innerShadows":[],"shadows":[]},"hasClickThrough":false,"groupLayout":{"_class":"MSImmutableFreeformGroupLayout"},"layers":[{"_class":"shapePath","do_objectID":"0E9A6FAC-5064-4795-87AA-F0C5D7EDB6EC","booleanOperation":-1,"isFixedToViewport":false,"isFlippedHorizontal":false,"isFlippedVertical":false,"isLocked":false,"isVisible":true,"layerListExpandedType":1,"maintainScrollPosition":false,"name":"Shape","nameIsFixed":false,"resizingConstraint":63,"resizingType":0,"rotation":0,"shouldBreakMaskChain":false,"exportOptions":{"_class":"exportOptions","includedLayerIds":[],"layerOptions":0,"shouldTrim":false,"exportFormats":[]},"frame":{"_class":"rect","constrainProportions":false,"height":119.2234438684219,"width":88.48520015558958,"x":0.3926683537777916,"y":0.3835425831910568},"clippingMaskMode":0,"hasClippingMask":false,"style":{"_class":"style","do_objectID":"862645C6-5D5A-4D17-B457-A31613DA509C","endMarkerType":0,"miterLimit":10,"startMarkerType":0,"windingRule":0,"blur":{"_class":"blur","isEnabled":false,"center":"{0.5, 0.5}","motionAngle":0,"radius":2.580645161290323,"saturation":1,"type":0},"borderOptions":{"_class":"borderOptions","isEnabled":true,"dashPattern":[],"lineCapStyle":0,"lineJoinStyle":0},"borders":[],"colorControls":{"_class":"colorControls","isEnabled":true,"brightness":0,"contrast":1,"hue":0,"saturation":1},"contextSettings":{"_class":"graphicsContextSettings","blendMode":0,"opacity":1},"fills":[{"_class":"fill","isEnabled":true,"fillType":1,"color":{"_class":"color","alpha":1,"blue":0,"green":0,"red":0},"contextSettings":{"_class":"graphicsContextSettings","blendMode":0,"opacity":1},"gradient":{"_class":"gradient","elipseLength":0,"from":"{0.62102327300000004, 0.22340712468589408}","gradientType":0,"to":"{1.0819718, 0.43286303400892057}","stops":[{"_class":"gradientStop","position":0,"color":{"_class":"color","alpha":1,"blue":0.9215686274509803,"green":0.5215686274509804,"red":0.2588235294117647}},{"_class":"gradientStop","position":1,"color":{"_class":"color","alpha":1,"blue":1,"green":0.7803921568627451,"red":0.1803921568627451}}]},"noiseIndex":0,"noiseIntensity":0,"patternFillType":1,"patternTileScale":1}],"innerShadows":[],"shadows":[]},"edited":true,"isClosed":true,"pointRadiusBehaviour":1,"points":[{"_class":"curvePoint","cornerRadius":0,"curveFrom":"{0.61554735402729566, 0.01780165279099908}","curveMode":4,"curveTo":"{0.64723552294817666, -0.0057373055572604373}","hasCurveFrom":false,"hasCurveTo":true,"point":"{0.61554735402729566, 0.01780165279099908}"},{"_class":"curvePoint","cornerRadius":0,"curveFrom":"{-0.0079525555893308047, 0.48095680147055608}","curveMode":4,"curveTo":"{0.023857666767992482, 0.45732717738085554}","hasCurveFrom":true,"hasCurveTo":false,"point":"{0.023857666767992482, 0.45732717738085554}"},{"_class":"curvePoint","cornerRadius":0,"curveFrom":"{0.023857666767992482, 0.5427522614013901}","curveMode":4,"curveTo":"{-0.0079525555893308047, 0.51912263731168951}","hasCurveFrom":false,"hasCurveTo":true,"point":"{0.023857666767992482, 0.5427522614013901}"},{"_class":"curvePoint","cornerRadius":0,"curveFrom":"{0.64735757688663798, 1.0059074060224251}","curveMode":4,"curveTo":"{0.61554735402729566, 0.98227778193272453}","hasCurveFrom":true,"hasCurveTo":false,"point":"{0.61554735402729566, 0.98227778193272453}"},{"_class":"curvePoint","cornerRadius":0,"curveFrom":"{0.73054668441668158, 0.98227778193272453}","curveMode":4,"curveTo":"{0.69873646264868505, 1.0059074060224251}","hasCurveFrom":false,"hasCurveTo":true,"point":"{0.73054668441668158, 0.98227778193272453}"},{"_class":"curvePoint","cornerRadius":0,"curveFrom":"{1.0071220941716521, 0.77682895912753069}","curveMode":4,"curveTo":"{0.97863371748504313, 0.79799101240416814}","hasCurveFrom":true,"hasCurveTo":false,"point":"{0.97863371748504313, 0.79799101240416814}"},{"_class":"curvePoint","cornerRadius":0,"curveFrom":"{0.95014534188978006, 0.70019438615075225}","curveMode":2,"curveTo":"{1.0071220941716521, 0.74251849189232277}","hasCurveFrom":true,"hasCurveTo":true,"point":"{0.97863371748504313, 0.7213564394273897}"},{"_class":"curvePoint","cornerRadius":0,"curveFrom":"{0.8754681809499778, 0.7213564394273897}","curveMode":4,"curveTo":"{0.90395655763658689, 0.70019438615075225}","hasCurveFrom":false,"hasCurveTo":true,"point":"{0.8754681809499778, 0.7213564394273897}"},{"_class":"curvePoint","cornerRadius":0,"curveFrom":"{0.67947787402350301, 0.86694414095735461}","curveMode":4,"curveTo":"{0.68739538744123441, 0.86106276629492373}","hasCurveFrom":true,"hasCurveTo":false,"point":"{0.68739538744123441, 0.86106276629492373}"},{"_class":"curvePoint","cornerRadius":0,"curveFrom":"{0.65954392238210358, 0.86106276629492373}","curveMode":4,"curveTo":"{0.66746143579983497, 0.86694414095735461}","hasCurveFrom":false,"hasCurveTo":true,"point":"{0.65954392238210358, 0.86106276629492373}"},{"_class":"curvePoint","cornerRadius":0,"curveFrom":"{0.17911992944494454, 0.50418886492243942}","curveMode":4,"curveTo":"{0.18703744286267587, 0.51007024039657467}","hasCurveFrom":true,"hasCurveTo":false,"point":"{0.18703744286267587, 0.51007024039657467}"},{"_class":"curvePoint","cornerRadius":0,"curveFrom":"{0.18703744286267587, 0.48938130444979394}","curveMode":4,"curveTo":"{0.17911992944494454, 0.49526268073563362}","hasCurveFrom":false,"hasCurveTo":true,"point":"{0.18703744286267587, 0.48938130444979394}"},{"_class":"curvePoint","cornerRadius":0,"curveFrom":"{0.66746143579983497, 0.13250740307730965}","curveMode":4,"curveTo":"{0.65954392238210358, 0.13838877855144491}","hasCurveFrom":true,"hasCurveTo":false,"point":"{0.65954392238210358, 0.13838877855144491}"},{"_class":"curvePoint","cornerRadius":0,"curveFrom":"{0.68739538744123441, 0.13838877855144491}","curveMode":4,"curveTo":"{0.67947787402350301, 0.13250740307730965}","hasCurveFrom":false,"hasCurveTo":true,"point":"{0.68739538744123441, 0.13838877855144491}"},{"_class":"curvePoint","cornerRadius":0,"curveFrom":"{0.90395655763658689, 0.29925715869561637}","curveMode":4,"curveTo":"{0.8754681809499778, 0.27809510623068329}","hasCurveFrom":true,"hasCurveTo":false,"point":"{0.8754681809499778, 0.27809510623068329}"},{"_class":"curvePoint","cornerRadius":0,"curveFrom":"{1.0071220941716521, 0.25693305295404584}","curveMode":2,"curveTo":"{0.95014534188978006, 0.29925715869561637}","hasCurveFrom":true,"hasCurveTo":true,"point":"{0.97863371748504313, 0.27809510623068329}"},{"_class":"curvePoint","cornerRadius":0,"curveFrom":"{0.97863371748504313, 0.20146053244220052}","curveMode":4,"curveTo":"{1.0071220941716521, 0.22262258571883803}","hasCurveFrom":false,"hasCurveTo":true,"point":"{0.97863371748504313, 0.20146053244220052}"},{"_class":"curvePoint","cornerRadius":0,"curveFrom":"{0.69863319513788413, -0.0059244613925710839}","curveMode":4,"curveTo":"{0.73057402699589635, 0.017193807710203169}","hasCurveFrom":true,"hasCurveTo":false,"point":"{0.73057402699589635, 0.017193807710203169}"}]},{"_class":"shapePath","do_objectID":"90D6CD80-54B6-457F-BDA0-4F75474D4D9B","booleanOperation":-1,"isFixedToViewport":false,"isFlippedHorizontal":false,"isFlippedVertical":false,"isLocked":false,"isVisible":true,"layerListExpandedType":1,"maintainScrollPosition":false,"name":"Shape","nameIsFixed":false,"resizingConstraint":63,"resizingType":0,"rotation":0,"shouldBreakMaskChain":false,"exportOptions":{"_class":"exportOptions","includedLayerIds":[],"layerOptions":0,"shouldTrim":false,"exportFormats":[]},"frame":{"_class":"rect","constrainProportions":false,"height":119.2234438684219,"width":88.48520015558958,"x":0.3926683537777916,"y":0.3835425831910568},"clippingMaskMode":0,"hasClippingMask":false,"style":{"_class":"style","do_objectID":"068BAE9F-1CDE-43CD-BF7C-01EE9AFF4D22","endMarkerType":0,"miterLimit":10,"startMarkerType":0,"windingRule":0,"blur":{"_class":"blur","isEnabled":false,"center":"{0.5, 0.5}","motionAngle":0,"radius":2.580645161290323,"saturation":1,"type":0},"borderOptions":{"_class":"borderOptions","isEnabled":true,"dashPattern":[],"lineCapStyle":0,"lineJoinStyle":0},"borders":[],"colorControls":{"_class":"colorControls","isEnabled":true,"brightness":0,"contrast":1,"hue":0,"saturation":1},"contextSettings":{"_class":"graphicsContextSettings","blendMode":0,"opacity":1},"fills":[{"_class":"fill","isEnabled":true,"fillType":1,"color":{"_class":"color","alpha":1,"blue":0.9215686274509803,"green":0.3294117647058823,"red":0.1843137254901961},"contextSettings":{"_class":"graphicsContextSettings","blendMode":0,"opacity":1},"gradient":{"_class":"gradient","elipseLength":0,"from":"{0.69644116, 0.22340712468589408}","gradientType":0,"to":"{0.54042897500000009, 0.82337421213348705}","stops":[{"_class":"gradientStop","position":0,"color":{"_class":"color","alpha":1,"blue":1,"green":0.803921568627451,"red":0.1607843137254902}},{"_class":"gradientStop","position":0.378600687,"color":{"_class":"color","alpha":1,"blue":1,"green":0.5568627450980392,"red":0.07843137254901961}},{"_class":"gradientStop","position":1,"color":{"_class":"color","alpha":1,"blue":1,"green":0.3764705882352941,"red":0.0392156862745098}}]},"noiseIndex":0,"noiseIntensity":0,"patternFillType":1,"patternTileScale":1}],"innerShadows":[],"shadows":[]},"edited":true,"isClosed":true,"pointRadiusBehaviour":1,"points":[{"_class":"curvePoint","cornerRadius":0,"curveFrom":"{0.61554735402729566, 0.01780165279099908}","curveMode":4,"curveTo":"{0.64723552294817666, -0.0057373055572604373}","hasCurveFrom":false,"hasCurveTo":true,"point":"{0.61554735402729566, 0.01780165279099908}"},{"_class":"curvePoint","cornerRadius":0,"curveFrom":"{-0.0079525555893308047, 0.48095680147055608}","curveMode":4,"curveTo":"{0.023857666767992482, 0.45732717738085554}","hasCurveFrom":true,"hasCurveTo":false,"point":"{0.023857666767992482, 0.45732717738085554}"},{"_class":"curvePoint","cornerRadius":0,"curveFrom":"{0.023857666767992482, 0.5427522614013901}","curveMode":4,"curveTo":"{-0.0079525555893308047, 0.51912263731168951}","hasCurveFrom":false,"hasCurveTo":true,"point":"{0.023857666767992482, 0.5427522614013901}"},{"_class":"curvePoint","cornerRadius":0,"curveFrom":"{0.64735757688663798, 1.0059074060224251}","curveMode":4,"curveTo":"{0.61554735402729566, 0.98227778193272453}","hasCurveFrom":true,"hasCurveTo":false,"point":"{0.61554735402729566, 0.98227778193272453}"},{"_class":"curvePoint","cornerRadius":0,"curveFrom":"{0.73054668441668158, 0.98227778193272453}","curveMode":4,"curveTo":"{0.69873646264868505, 1.0059074060224251}","hasCurveFrom":false,"hasCurveTo":true,"point":"{0.73054668441668158, 0.98227778193272453}"},{"_class":"curvePoint","cornerRadius":0,"curveFrom":"{1.0071220941716521, 0.77682895912753069}","curveMode":4,"curveTo":"{0.97863371748504313, 0.79799101240416814}","hasCurveFrom":true,"hasCurveTo":false,"point":"{0.97863371748504313, 0.79799101240416814}"},{"_class":"curvePoint","cornerRadius":0,"curveFrom":"{0.95014534188978006, 0.70019438615075225}","curveMode":2,"curveTo":"{1.0071220941716521, 0.74251849189232277}","hasCurveFrom":true,"hasCurveTo":true,"point":"{0.97863371748504313, 0.7213564394273897}"},{"_class":"curvePoint","cornerRadius":0,"curveFrom":"{0.8754681809499778, 0.7213564394273897}","curveMode":4,"curveTo":"{0.90395655763658689, 0.70019438615075225}","hasCurveFrom":false,"hasCurveTo":true,"point":"{0.8754681809499778, 0.7213564394273897}"},{"_class":"curvePoint","cornerRadius":0,"curveFrom":"{0.67947787402350301, 0.86694414095735461}","curveMode":4,"curveTo":"{0.68739538744123441, 0.86106276629492373}","hasCurveFrom":true,"hasCurveTo":false,"point":"{0.68739538744123441, 0.86106276629492373}"},{"_class":"curvePoint","cornerRadius":0,"curveFrom":"{0.65954392238210358, 0.86106276629492373}","curveMode":4,"curveTo":"{0.66746143579983497, 0.86694414095735461}","hasCurveFrom":false,"hasCurveTo":true,"point":"{0.65954392238210358, 0.86106276629492373}"},{"_class":"curvePoint","cornerRadius":0,"curveFrom":"{0.17911992944494454, 0.50418886492243942}","curveMode":4,"curveTo":"{0.18703744286267587, 0.51007024039657467}","hasCurveFrom":true,"hasCurveTo":false,"point":"{0.18703744286267587, 0.51007024039657467}"},{"_class":"curvePoint","cornerRadius":0,"curveFrom":"{0.18703744286267587, 0.48938130444979394}","curveMode":4,"curveTo":"{0.17911992944494454, 0.49526268073563362}","hasCurveFrom":false,"hasCurveTo":true,"point":"{0.18703744286267587, 0.48938130444979394}"},{"_class":"curvePoint","cornerRadius":0,"curveFrom":"{0.67925827231790092, 0.12575351843038202}","curveMode":4,"curveTo":"{0.65954392238210358, 0.13838877855144491}","hasCurveFrom":true,"hasCurveTo":false,"point":"{0.65954392238210358, 0.13838877855144491}"},{"_class":"curvePoint","cornerRadius":0,"curveFrom":"{0.79376546029103179, 0.089727093490391235}","curveMode":3,"curveTo":"{0.71142437324057406, 0.10016110463427642}","hasCurveFrom":true,"hasCurveTo":true,"point":"{0.75866044572286329, 0.094175493328366125}"},{"_class":"curvePoint","cornerRadius":0,"curveFrom":"{0.84595033552949972, 0.10286160619946791}","curveMode":4,"curveTo":"{0.83214477545813048, 0.099517941726997725}","hasCurveFrom":true,"hasCurveTo":true,"point":"{0.87379839340685095, 0.12354804047329877}"},{"_class":"curvePoint","cornerRadius":0,"curveFrom":"{0.69863319513788413, -0.0059244613925710839}","curveMode":4,"curveTo":"{0.79820888042296345, 0.067410195494890551}","hasCurveFrom":true,"hasCurveTo":true,"point":"{0.73057402699589635, 0.017193807710203169}"}]}]},{"_class":"shapePath","do_objectID":"77C762AC-BBBA-402B-B7BF-E494B59E4A23","booleanOperation":-1,"isFixedToViewport":false,"isFlippedHorizontal":false,"isFlippedVertical":false,"isLocked":false,"isVisible":true,"layerListExpandedType":1,"maintainScrollPosition":false,"name":"Shape","nameIsFixed":false,"resizingConstraint":63,"resizingType":0,"rotation":0,"shouldBreakMaskChain":false,"exportOptions":{"_class":"exportOptions","includedLayerIds":[],"layerOptions":0,"shouldTrim":false,"exportFormats":[]},"frame":{"_class":"rect","constrainProportions":false,"height":46.46177535882323,"width":29.47279761333937,"x":90.01454530633927,"y":36.94323144762838},"clippingMaskMode":0,"hasClippingMask":false,"style":{"_class":"style","do_objectID":"52950A13-0D20-47D8-898C-A963446EFB29","endMarkerType":0,"miterLimit":10,"startMarkerType":0,"windingRule":0,"blur":{"_class":"blur","isEnabled":false,"center":"{0.5, 0.5}","motionAngle":0,"radius":2.580645161290323,"saturation":1,"type":0},"borderOptions":{"_class":"borderOptions","isEnabled":true,"dashPattern":[],"lineCapStyle":0,"lineJoinStyle":0},"borders":[],"colorControls":{"_class":"colorControls","isEnabled":true,"brightness":0,"contrast":1,"hue":0,"saturation":1},"contextSettings":{"_class":"graphicsContextSettings","blendMode":0,"opacity":1},"fills":[{"_class":"fill","isEnabled":true,"fillType":1,"color":{"_class":"color","alpha":1,"blue":0,"green":0,"red":0},"contextSettings":{"_class":"graphicsContextSettings","blendMode":0,"opacity":1},"gradient":{"_class":"gradient","elipseLength":0,"from":"{0.69690816499999997, 0.245511647245377}","gradientType":0,"to":"{0.167228981, 0.77233763150014079}","stops":[{"_class":"gradientStop","position":0,"color":{"_class":"color","alpha":1,"blue":0.4313725490196079,"green":0.5058823529411764,"red":0.9803921568627451}},{"_class":"gradientStop","position":0.41472606,"color":{"_class":"color","alpha":1,"blue":0.3607843137254902,"green":0.2901960784313725,"red":0.9686274509803922}},{"_class":"gradientStop","position":1,"color":{"_class":"color","alpha":1,"blue":0.1725490196078431,"green":0.1137254901960784,"red":0.9607843137254902}}]},"noiseIndex":0,"noiseIntensity":0,"patternFillType":1,"patternTileScale":1}],"innerShadows":[],"shadows":[]},"edited":true,"isClosed":true,"pointRadiusBehaviour":1,"points":[{"_class":"curvePoint","cornerRadius":0,"curveFrom":"{0.15475244243132244, 1.0135757445486551}","curveMode":2,"curveTo":"{-0.016306966180606355, 0.90496978607653611}","hasCurveFrom":true,"hasCurveTo":true,"point":"{0.069222736487102213, 0.95927276635403447}"},{"_class":"curvePoint","cornerRadius":0,"curveFrom":"{0.37895318622318558, 0.95927276635403447}","curveMode":4,"curveTo":"{0.29342349338501106, 1.0135757445486551}","hasCurveFrom":false,"hasCurveTo":true,"point":"{0.37895318622318558, 0.95927276635403447}"},{"_class":"curvePoint","cornerRadius":0,"curveFrom":"{1.0238742960667435, 0.54981108178586535}","curveMode":4,"curveTo":"{0.92837152510275101, 0.61044598096392977}","hasCurveFrom":true,"hasCurveTo":false,"point":"{0.92837152510275101, 0.61044598096392977}"},{"_class":"curvePoint","cornerRadius":0,"curveFrom":"{0.92838269800658146, 0.39124764443214016}","curveMode":4,"curveTo":"{1.0238742960667435, 0.45187546807482215}","hasCurveFrom":false,"hasCurveTo":true,"point":"{0.92838269800658146, 0.39124764443214016}"},{"_class":"curvePoint","cornerRadius":0,"curveFrom":"{0.28844267183447275, -0.013610757636219684}","curveMode":4,"curveTo":"{0.37417488584149705, 0.040627763826594908}","hasCurveFrom":true,"hasCurveTo":false,"point":"{0.37417488584149705, 0.040627763826594908}"},{"_class":"curvePoint","cornerRadius":0,"curveFrom":"{-0.021382426486055962, 0.095105555859636537}","curveMode":2,"curveTo":"{0.14972760422680706, -0.013532541414646925}","hasCurveFrom":true,"hasCurveTo":true,"point":"{0.064147279458164272, 0.040802575582138005}"},{"_class":"curvePoint","cornerRadius":0,"curveFrom":"{0.064147279458164272, 0.23745106004308214}","curveMode":4,"curveTo":"{-0.021382426486055962, 0.18314807976558362}","hasCurveFrom":false,"hasCurveTo":true,"point":"{0.064147279458164272, 0.23745106004308214}"},{"_class":"curvePoint","cornerRadius":0,"curveFrom":"{0.46223280039635029, 0.49019634275551011}","curveMode":4,"curveTo":"{0.43846230005344183, 0.47510441116080598}","hasCurveFrom":true,"hasCurveTo":false,"point":"{0.43846230005344183, 0.47510441116080598}"},{"_class":"curvePoint","cornerRadius":0,"curveFrom":"{0.43846230005344183, 0.52819334662439621}","curveMode":4,"curveTo":"{0.46223280039635029, 0.51310141711256974}","hasCurveFrom":false,"hasCurveTo":true,"point":"{0.43846230005344183, 0.52819334662439621}"},{"_class":"curvePoint","cornerRadius":0,"curveFrom":"{-0.016306966180606355, 0.81692726008771133}","curveMode":4,"curveTo":"{0.069222736487102213, 0.76262427981021297}","hasCurveFrom":true,"hasCurveTo":false,"point":"{0.069222736487102213, 0.76262427981021297}"}]}]},{"_class":"oval","do_objectID":"1BBF1D5B-9DFA-4A82-8043-728E034F6964","booleanOperation":-1,"isFixedToViewport":false,"isFlippedHorizontal":false,"isFlippedVertical":false,"isLocked":false,"isVisible":true,"layerListExpandedType":1,"maintainScrollPosition":false,"name":"Combined-Shape","nameIsFixed":false,"resizingConstraint":63,"resizingType":0,"rotation":0,"shouldBreakMaskChain":false,"exportOptions":{"_class":"exportOptions","includedLayerIds":[],"layerOptions":0,"shouldTrim":false,"exportFormats":[]},"frame":{"_class":"rect","constrainProportions":false,"height":28.29694316129032,"width":28.27212139088395,"x":46.07308679690832,"y":46.11353719354837},"clippingMaskMode":0,"hasClippingMask":false,"style":{"_class":"style","do_objectID":"C27743E9-9053-4546-843C-D8A9A2BFBBEE","endMarkerType":0,"miterLimit":10,"startMarkerType":0,"windingRule":0,"blur":{"_class":"blur","isEnabled":false,"center":"{0.5, 0.5}","motionAngle":0,"radius":2.580645161290323,"saturation":1,"type":0},"borderOptions":{"_class":"borderOptions","isEnabled":true,"dashPattern":[],"lineCapStyle":0,"lineJoinStyle":0},"borders":[],"colorControls":{"_class":"colorControls","isEnabled":true,"brightness":0,"contrast":1,"hue":0,"saturation":1},"contextSettings":{"_class":"graphicsContextSettings","blendMode":0,"opacity":1},"fills":[{"_class":"fill","isEnabled":true,"fillType":1,"color":{"_class":"color","alpha":1,"blue":0,"green":0,"red":0},"contextSettings":{"_class":"graphicsContextSettings","blendMode":0,"opacity":1},"gradient":{"_class":"gradient","elipseLength":0,"from":"{0.68082513677761713, -0.356905737}","gradientType":0,"to":"{0.30489156854917199, 1.1494267899999999}","stops":[{"_class":"gradientStop","position":0,"color":{"_class":"color","alpha":1,"blue":0.4901960784313725,"green":0.5568627450980392,"red":0.9803921568627451}},{"_class":"gradientStop","position":0.512635191,"color":{"_class":"color","alpha":1,"blue":0.3607843137254902,"green":0.2901960784313725,"red":0.9686274509803922}},{"_class":"gradientStop","position":1,"color":{"_class":"color","alpha":1,"blue":0.1725490196078431,"green":0.1137254901960784,"red":0.9607843137254902}}]},"noiseIndex":0,"noiseIntensity":0,"patternFillType":1,"patternTileScale":1}],"innerShadows":[],"shadows":[]},"edited":false,"isClosed":true,"pointRadiusBehaviour":1,"points":[{"_class":"curvePoint","cornerRadius":0,"curveFrom":"{0.77614237490000026, 1}","curveMode":2,"curveTo":"{0.22385762510000007, 1}","hasCurveFrom":true,"hasCurveTo":true,"point":"{0.50000000000000011, 1}"},{"_class":"curvePoint","cornerRadius":0,"curveFrom":"{1.0000000000000002, 0.22385762510000001}","curveMode":2,"curveTo":"{1.0000000000000002, 0.77614237490000004}","hasCurveFrom":true,"hasCurveTo":true,"point":"{1.0000000000000002, 0.5}"},{"_class":"curvePoint","cornerRadius":0,"curveFrom":"{0.22385762510000007, 0}","curveMode":2,"curveTo":"{0.77614237490000026, 0}","hasCurveFrom":true,"hasCurveTo":true,"point":"{0.50000000000000011, 0}"},{"_class":"curvePoint","cornerRadius":0,"curveFrom":"{0, 0.77614237490000004}","curveMode":2,"curveTo":"{0, 0.22385762510000001}","hasCurveFrom":true,"hasCurveTo":true,"point":"{0, 0.5}"}]}]}],"includeInCloudUpload":true,"horizontalRulerData":{"_class":"rulerData","base":0,"guides":[]},"verticalRulerData":{"_class":"rulerData","base":0,"guides":[]}}