{"_class":"page","do_objectID":"792D3F1D-FF34-4EBE-B0EA-5B7CB0D5D847","booleanOperation":-1,"isFixedToViewport":false,"isFlippedHorizontal":false,"isFlippedVertical":false,"isLocked":false,"isVisible":true,"layerListExpandedType":0,"maintainScrollPosition":false,"name":"Page 5","nameIsFixed":false,"resizingConstraint":63,"resizingType":0,"rotation":0,"shouldBreakMaskChain":false,"exportOptions":{"_class":"exportOptions","includedLayerIds":[],"layerOptions":0,"shouldTrim":false,"exportFormats":[]},"frame":{"_class":"rect","constrainProportions":false,"height":0,"width":0,"x":0,"y":0},"clippingMaskMode":0,"hasClippingMask":false,"style":{"_class":"style","do_objectID":"F1AEED1F-47E1-453E-9524-16D3BE2C1F5E","endMarkerType":0,"miterLimit":10,"startMarkerType":0,"windingRule":1,"blur":{"_class":"blur","isEnabled":false,"center":"{0.5, 0.5}","motionAngle":0,"radius":10,"saturation":1,"type":0},"borderOptions":{"_class":"borderOptions","isEnabled":true,"dashPattern":[],"lineCapStyle":0,"lineJoinStyle":0},"borders":[],"colorControls":{"_class":"colorControls","isEnabled":false,"brightness":0,"contrast":1,"hue":0,"saturation":1},"contextSettings":{"_class":"graphicsContextSettings","blendMode":0,"opacity":1},"fills":[],"innerShadows":[],"shadows":[]},"hasClickThrough":true,"groupLayout":{"_class":"MSImmutableFreeformGroupLayout"},"layers":[{"_class":"shapePath","do_objectID":"D91E71BD-6172-4C39-8823-D91438C99BB7","booleanOperation":0,"isFixedToViewport":false,"isFlippedHorizontal":false,"isFlippedVertical":false,"isLocked":false,"isVisible":true,"layerListExpandedType":0,"maintainScrollPosition":false,"name":"Path 2","nameIsFixed":false,"resizingConstraint":63,"resizingType":0,"rotation":0,"shouldBreakMaskChain":false,"exportOptions":{"_class":"exportOptions","includedLayerIds":[],"layerOptions":0,"shouldTrim":false,"exportFormats":[]},"frame":{"_class":"rect","constrainProportions":false,"height":179.2190610208316,"width":383.3790110117844,"x":-280,"y":-109},"clippingMaskMode":0,"hasClippingMask":false,"style":{"_class":"style","do_objectID":"6CB82F2C-773C-47BD-B421-B4040299471A","endMarkerType":0,"miterLimit":10,"startMarkerType":0,"windingRule":1,"blur":{"_class":"blur","isEnabled":false,"center":"{0.5, 0.5}","motionAngle":0,"radius":10,"saturation":1,"type":0},"borderOptions":{"_class":"borderOptions","isEnabled":true,"dashPattern":[],"lineCapStyle":0,"lineJoinStyle":0},"borders":[{"_class":"border","isEnabled":true,"fillType":0,"color":{"_class":"color","alpha":1,"blue":0.592,"green":0.592,"red":0.592},"contextSettings":{"_class":"graphicsContextSettings","blendMode":0,"opacity":1},"gradient":{"_class":"gradient","elipseLength":0,"from":"{0.5, 0}","gradientType":0,"to":"{0.5, 1}","stops":[{"_class":"gradientStop","position":0,"color":{"_class":"color","alpha":1,"blue":1,"green":1,"red":1}},{"_class":"gradientStop","position":1,"color":{"_class":"color","alpha":1,"blue":0,"green":0,"red":0}}]},"position":1,"thickness":6}],"colorControls":{"_class":"colorControls","isEnabled":false,"brightness":0,"contrast":1,"hue":0,"saturation":1},"contextSettings":{"_class":"graphicsContextSettings","blendMode":0,"opacity":1},"fills":[{"_class":"fill","isEnabled":true,"fillType":0,"color":{"_class":"color","alpha":1,"blue":0.847,"green":0.847,"red":0.847},"contextSettings":{"_class":"graphicsContextSettings","blendMode":0,"opacity":1},"gradient":{"_class":"gradient","elipseLength":0,"from":"{0.5, 0}","gradientType":0,"to":"{0.5, 1}","stops":[{"_class":"gradientStop","position":0,"color":{"_class":"color","alpha":1,"blue":1,"green":1,"red":1}},{"_class":"gradientStop","position":1,"color":{"_class":"color","alpha":1,"blue":0,"green":0,"red":0}}]},"noiseIndex":0,"noiseIntensity":0,"patternFillType":1,"patternTileScale":1}],"innerShadows":[],"shadows":[]},"edited":true,"isClosed":true,"pointRadiusBehaviour":1,"points":[{"_class":"curvePoint","cornerRadius":0,"curveFrom":"{0.2648760018009555, 0.75525915236411034}","curveMode":3,"curveTo":"{0.023647390123838385, 0.26599953012414546}","hasCurveFrom":true,"hasCurveTo":true,"point":"{0.1792130921757083, 0.58151772711674865}"},{"_class":"curvePoint","cornerRadius":0,"curveFrom":"{0.47092362976890945, 0.29939262845789938}","curveMode":3,"curveTo":"{0.32970943340818587, 0.60626475065149799}","hasCurveFrom":true,"hasCurveTo":true,"point":"{0.40746962592553881, 0.43728432293991248}"},{"_class":"curvePoint","cornerRadius":0,"curveFrom":"{0.86234500596727959, 0.14819241111716694}","curveMode":3,"curveTo":"{0.5429854525488913, 0.14819241111716694}","hasCurveFrom":true,"hasCurveTo":true,"point":"{0.64199762107248093, 0.14819241111716694}"},{"_class":"curvePoint","cornerRadius":0,"curveFrom":"{0.41806370702375328, 1.0000000000000033}","curveMode":2,"curveTo":"{1.2194084368492377, 1.0000000000000033}","hasCurveFrom":true,"hasCurveTo":true,"point":"{0.81873607193649534, 1.0000000000000033}"},{"_class":"curvePoint","cornerRadius":0,"curveFrom":"{0.3017256675930316, 0.36039779699171681}","curveMode":2,"curveTo":"{0.7401992346679731, 0.71344862283353716}","hasCurveFrom":true,"hasCurveTo":true,"point":"{0.52096245113050221, 0.53692320991262688}"},{"_class":"curvePoint","cornerRadius":0,"curveFrom":"{-0.040301790010650346, 0.39136984437541944}","curveMode":2,"curveTo":"{0.0922427557531941, -0.21730390315258657}","hasCurveFrom":true,"hasCurveTo":true,"point":"{0.025970482871271895, 0.087032970611416419}"}]}],"includeInCloudUpload":true,"horizontalRulerData":{"_class":"rulerData","base":-379,"guides":[]},"verticalRulerData":{"_class":"rulerData","base":-352,"guides":[]}}