{"_class":"page","do_objectID":"8052367B-501D-41E7-B26A-9C0F9446449E","booleanOperation":-1,"isFixedToViewport":false,"isFlippedHorizontal":false,"isFlippedVertical":false,"isLocked":false,"isVisible":true,"layerListExpandedType":0,"maintainScrollPosition":false,"name":"Page 4","nameIsFixed":false,"resizingConstraint":63,"resizingType":0,"rotation":0,"shouldBreakMaskChain":false,"exportOptions":{"_class":"exportOptions","includedLayerIds":[],"layerOptions":0,"shouldTrim":false,"exportFormats":[]},"frame":{"_class":"rect","constrainProportions":false,"height":0,"width":0,"x":0,"y":0},"clippingMaskMode":0,"hasClippingMask":false,"style":{"_class":"style","do_objectID":"70155D9E-2616-4AAA-B554-C429317CFF70","endMarkerType":0,"miterLimit":10,"startMarkerType":0,"windingRule":1,"blur":{"_class":"blur","isEnabled":false,"center":"{0.5, 0.5}","motionAngle":0,"radius":10,"saturation":1,"type":0},"borderOptions":{"_class":"borderOptions","isEnabled":true,"dashPattern":[],"lineCapStyle":0,"lineJoinStyle":0},"borders":[],"colorControls":{"_class":"colorControls","isEnabled":false,"brightness":0,"contrast":1,"hue":0,"saturation":1},"contextSettings":{"_class":"graphicsContextSettings","blendMode":0,"opacity":1},"fills":[],"innerShadows":[],"shadows":[]},"hasClickThrough":true,"groupLayout":{"_class":"MSImmutableFreeformGroupLayout"},"layers":[{"_class":"shapePath","do_objectID":"2EA8B34B-2C13-4C99-B6D4-EE3F0F0EBFB3","booleanOperation":0,"isFixedToViewport":false,"isFlippedHorizontal":false,"isFlippedVertical":false,"isLocked":false,"isVisible":true,"layerListExpandedType":0,"maintainScrollPosition":false,"name":"Path","nameIsFixed":false,"resizingConstraint":63,"resizingType":0,"rotation":0,"shouldBreakMaskChain":false,"exportOptions":{"_class":"exportOptions","includedLayerIds":[],"layerOptions":0,"shouldTrim":false,"exportFormats":[]},"frame":{"_class":"rect","constrainProportions":false,"height":95.6504045640548,"width":229.35841304631,"x":-33,"y":-338.0000000000001},"clippingMaskMode":0,"hasClippingMask":false,"style":{"_class":"style","do_objectID":"E40ED119-6035-4F95-9B17-38D9A8BDA429","endMarkerType":0,"miterLimit":10,"startMarkerType":0,"windingRule":1,"blur":{"_class":"blur","isEnabled":false,"center":"{0.5, 0.5}","motionAngle":0,"radius":10,"saturation":1,"type":0},"borderOptions":{"_class":"borderOptions","isEnabled":true,"dashPattern":[],"lineCapStyle":0,"lineJoinStyle":0},"borders":[{"_class":"border","isEnabled":true,"fillType":0,"color":{"_class":"color","alpha":1,"blue":0.592,"green":0.592,"red":0.592},"contextSettings":{"_class":"graphicsContextSettings","blendMode":0,"opacity":1},"gradient":{"_class":"gradient","elipseLength":0,"from":"{0.5, 0}","gradientType":0,"to":"{0.5, 1}","stops":[{"_class":"gradientStop","position":0,"color":{"_class":"color","alpha":1,"blue":1,"green":1,"red":1}},{"_class":"gradientStop","position":1,"color":{"_class":"color","alpha":1,"blue":0,"green":0,"red":0}}]},"position":1,"thickness":5}],"colorControls":{"_class":"colorControls","isEnabled":false,"brightness":0,"contrast":1,"hue":0,"saturation":1},"contextSettings":{"_class":"graphicsContextSettings","blendMode":0,"opacity":1},"fills":[{"_class":"fill","isEnabled":false,"fillType":0,"color":{"_class":"color","alpha":1,"blue":0.847,"green":0.847,"red":0.847},"contextSettings":{"_class":"graphicsContextSettings","blendMode":0,"opacity":1},"gradient":{"_class":"gradient","elipseLength":0,"from":"{0.5, 0}","gradientType":0,"to":"{0.5, 1}","stops":[{"_class":"gradientStop","position":0,"color":{"_class":"color","alpha":1,"blue":1,"green":1,"red":1}},{"_class":"gradientStop","position":1,"color":{"_class":"color","alpha":1,"blue":0,"green":0,"red":0}}]},"noiseIndex":0,"noiseIntensity":0,"patternFillType":1,"patternTileScale":1}],"innerShadows":[],"shadows":[]},"edited":true,"isClosed":true,"pointRadiusBehaviour":1,"points":[{"_class":"curvePoint","cornerRadius":0,"curveFrom":"{0.40572235698276438, 0.93917143508999501}","curveMode":2,"curveTo":"{-0.012666208866901946, -0.5587966148417719}","hasCurveFrom":true,"hasCurveTo":true,"point":"{0.19652807405793116, 0.19018741012411169}"},{"_class":"curvePoint","cornerRadius":0,"curveFrom":"{1.1272663601085042, 0.81469470073361749}","curveMode":2,"curveTo":"{0.77594667695508956, -0.43431988048539338}","hasCurveFrom":true,"hasCurveTo":true,"point":"{0.95160651853179634, 0.19018741012411169}"},{"_class":"curvePoint","cornerRadius":0,"curveFrom":"{0.59911437797183387, 0.64852152747373637}","curveMode":2,"curveTo":"{0.77480289057120122, 1.1305830013394578}","hasCurveFrom":true,"hasCurveTo":true,"point":"{0.68695863427151727, 0.88955226440659707}"},{"_class":"curvePoint","cornerRadius":0,"curveFrom":"{-0.11354203218073131, 1.1576999802149817}","curveMode":2,"curveTo":"{0.50659818029659354, 0.81857438897635715}","hasCurveFrom":true,"hasCurveTo":true,"point":"{0.19652807405793116, 0.98813718459566946}"}]},{"_class":"shapePath","do_objectID":"ACF47809-DA5D-4B55-A9C3-270469D8E82D","booleanOperation":0,"isFixedToViewport":false,"isFlippedHorizontal":false,"isFlippedVertical":false,"isLocked":false,"isVisible":true,"layerListExpandedType":0,"maintainScrollPosition":false,"name":"Path","nameIsFixed":false,"resizingConstraint":63,"resizingType":0,"rotation":0,"shouldBreakMaskChain":false,"exportOptions":{"_class":"exportOptions","includedLayerIds":[],"layerOptions":0,"shouldTrim":false,"exportFormats":[]},"frame":{"_class":"rect","constrainProportions":false,"height":95.6504045640548,"width":229.35841304631,"x":215,"y":-338},"clippingMaskMode":0,"hasClippingMask":false,"style":{"_class":"style","do_objectID":"F7BD1029-3CD8-42EE-9AE8-9C46F81ADBD4","endMarkerType":0,"miterLimit":10,"startMarkerType":0,"windingRule":1,"blur":{"_class":"blur","isEnabled":false,"center":"{0.5, 0.5}","motionAngle":0,"radius":10,"saturation":1,"type":0},"borderOptions":{"_class":"borderOptions","isEnabled":true,"dashPattern":[],"lineCapStyle":0,"lineJoinStyle":0},"borders":[{"_class":"border","isEnabled":true,"fillType":0,"color":{"_class":"color","alpha":1,"blue":0.592,"green":0.592,"red":0.592},"contextSettings":{"_class":"graphicsContextSettings","blendMode":0,"opacity":1},"gradient":{"_class":"gradient","elipseLength":0,"from":"{0.5, 0}","gradientType":0,"to":"{0.5, 1}","stops":[{"_class":"gradientStop","position":0,"color":{"_class":"color","alpha":1,"blue":1,"green":1,"red":1}},{"_class":"gradientStop","position":1,"color":{"_class":"color","alpha":1,"blue":0,"green":0,"red":0}}]},"position":0,"thickness":5}],"colorControls":{"_class":"colorControls","isEnabled":false,"brightness":0,"contrast":1,"hue":0,"saturation":1},"contextSettings":{"_class":"graphicsContextSettings","blendMode":0,"opacity":1},"fills":[{"_class":"fill","isEnabled":false,"fillType":0,"color":{"_class":"color","alpha":1,"blue":0.847,"green":0.847,"red":0.847},"contextSettings":{"_class":"graphicsContextSettings","blendMode":0,"opacity":1},"gradient":{"_class":"gradient","elipseLength":0,"from":"{0.5, 0}","gradientType":0,"to":"{0.5, 1}","stops":[{"_class":"gradientStop","position":0,"color":{"_class":"color","alpha":1,"blue":1,"green":1,"red":1}},{"_class":"gradientStop","position":1,"color":{"_class":"color","alpha":1,"blue":0,"green":0,"red":0}}]},"noiseIndex":0,"noiseIntensity":0,"patternFillType":1,"patternTileScale":1}],"innerShadows":[],"shadows":[]},"edited":true,"isClosed":true,"pointRadiusBehaviour":1,"points":[{"_class":"curvePoint","cornerRadius":0,"curveFrom":"{0.40572235698276438, 0.93917143508999501}","curveMode":2,"curveTo":"{-0.012666208866901946, -0.5587966148417719}","hasCurveFrom":true,"hasCurveTo":true,"point":"{0.19652807405793116, 0.19018741012411169}"},{"_class":"curvePoint","cornerRadius":0,"curveFrom":"{1.1272663601085042, 0.81469470073361749}","curveMode":2,"curveTo":"{0.77594667695508956, -0.43431988048539338}","hasCurveFrom":true,"hasCurveTo":true,"point":"{0.95160651853179634, 0.19018741012411169}"},{"_class":"curvePoint","cornerRadius":0,"curveFrom":"{0.59911437797183387, 0.64852152747373637}","curveMode":2,"curveTo":"{0.77480289057120122, 1.1305830013394578}","hasCurveFrom":true,"hasCurveTo":true,"point":"{0.68695863427151727, 0.88955226440659707}"},{"_class":"curvePoint","cornerRadius":0,"curveFrom":"{-0.11354203218073131, 1.1576999802149817}","curveMode":2,"curveTo":"{0.50659818029659354, 0.81857438897635715}","hasCurveFrom":true,"hasCurveTo":true,"point":"{0.19652807405793116, 0.98813718459566946}"}]},{"_class":"shapePath","do_objectID":"1D2519B8-A8E7-458E-877D-59593443883C","booleanOperation":0,"isFixedToViewport":false,"isFlippedHorizontal":false,"isFlippedVertical":false,"isLocked":false,"isVisible":true,"layerListExpandedType":0,"maintainScrollPosition":false,"name":"Path","nameIsFixed":false,"resizingConstraint":63,"resizingType":0,"rotation":0,"shouldBreakMaskChain":false,"exportOptions":{"_class":"exportOptions","includedLayerIds":[],"layerOptions":0,"shouldTrim":false,"exportFormats":[]},"frame":{"_class":"rect","constrainProportions":false,"height":95.6504045640548,"width":229.35841304631,"x":463,"y":-338},"clippingMaskMode":0,"hasClippingMask":false,"style":{"_class":"style","do_objectID":"6C035511-D75E-4F2A-B29C-6285D139BB83","endMarkerType":0,"miterLimit":10,"startMarkerType":0,"windingRule":1,"blur":{"_class":"blur","isEnabled":false,"center":"{0.5, 0.5}","motionAngle":0,"radius":10,"saturation":1,"type":0},"borderOptions":{"_class":"borderOptions","isEnabled":true,"dashPattern":[],"lineCapStyle":0,"lineJoinStyle":0},"borders":[{"_class":"border","isEnabled":true,"fillType":0,"color":{"_class":"color","alpha":1,"blue":0.592,"green":0.592,"red":0.592},"contextSettings":{"_class":"graphicsContextSettings","blendMode":0,"opacity":1},"gradient":{"_class":"gradient","elipseLength":0,"from":"{0.5, 0}","gradientType":0,"to":"{0.5, 1}","stops":[{"_class":"gradientStop","position":0,"color":{"_class":"color","alpha":1,"blue":1,"green":1,"red":1}},{"_class":"gradientStop","position":1,"color":{"_class":"color","alpha":1,"blue":0,"green":0,"red":0}}]},"position":2,"thickness":5}],"colorControls":{"_class":"colorControls","isEnabled":false,"brightness":0,"contrast":1,"hue":0,"saturation":1},"contextSettings":{"_class":"graphicsContextSettings","blendMode":0,"opacity":1},"fills":[{"_class":"fill","isEnabled":false,"fillType":0,"color":{"_class":"color","alpha":1,"blue":0.847,"green":0.847,"red":0.847},"contextSettings":{"_class":"graphicsContextSettings","blendMode":0,"opacity":1},"gradient":{"_class":"gradient","elipseLength":0,"from":"{0.5, 0}","gradientType":0,"to":"{0.5, 1}","stops":[{"_class":"gradientStop","position":0,"color":{"_class":"color","alpha":1,"blue":1,"green":1,"red":1}},{"_class":"gradientStop","position":1,"color":{"_class":"color","alpha":1,"blue":0,"green":0,"red":0}}]},"noiseIndex":0,"noiseIntensity":0,"patternFillType":1,"patternTileScale":1}],"innerShadows":[],"shadows":[]},"edited":true,"isClosed":true,"pointRadiusBehaviour":1,"points":[{"_class":"curvePoint","cornerRadius":0,"curveFrom":"{0.40572235698276438, 0.93917143508999501}","curveMode":2,"curveTo":"{-0.012666208866901946, -0.5587966148417719}","hasCurveFrom":true,"hasCurveTo":true,"point":"{0.19652807405793116, 0.19018741012411169}"},{"_class":"curvePoint","cornerRadius":0,"curveFrom":"{1.1272663601085042, 0.81469470073361749}","curveMode":2,"curveTo":"{0.77594667695508956, -0.43431988048539338}","hasCurveFrom":true,"hasCurveTo":true,"point":"{0.95160651853179634, 0.19018741012411169}"},{"_class":"curvePoint","cornerRadius":0,"curveFrom":"{0.59911437797183387, 0.64852152747373637}","curveMode":2,"curveTo":"{0.77480289057120122, 1.1305830013394578}","hasCurveFrom":true,"hasCurveTo":true,"point":"{0.68695863427151727, 0.88955226440659707}"},{"_class":"curvePoint","cornerRadius":0,"curveFrom":"{-0.11354203218073131, 1.1576999802149817}","curveMode":2,"curveTo":"{0.50659818029659354, 0.81857438897635715}","hasCurveFrom":true,"hasCurveTo":true,"point":"{0.19652807405793116, 0.98813718459566946}"}]},{"_class":"shapePath","do_objectID":"AC4E3CFB-5E26-4FF6-89FD-A33067F0E8E8","booleanOperation":0,"isFixedToViewport":false,"isFlippedHorizontal":false,"isFlippedVertical":false,"isLocked":false,"isVisible":true,"layerListExpandedType":0,"maintainScrollPosition":false,"name":"Path","nameIsFixed":false,"resizingConstraint":63,"resizingType":0,"rotation":0,"shouldBreakMaskChain":false,"exportOptions":{"_class":"exportOptions","includedLayerIds":[],"layerOptions":0,"shouldTrim":false,"exportFormats":[]},"frame":{"_class":"rect","constrainProportions":false,"height":95.6504045640548,"width":229.35841304631,"x":-33,"y":-220},"clippingMaskMode":0,"hasClippingMask":false,"style":{"_class":"style","do_objectID":"2739BBF3-D9C3-48B2-B18B-F71FAC25597C","endMarkerType":0,"miterLimit":10,"startMarkerType":0,"windingRule":1,"blur":{"_class":"blur","isEnabled":false,"center":"{0.5, 0.5}","motionAngle":0,"radius":10,"saturation":1,"type":0},"borderOptions":{"_class":"borderOptions","isEnabled":true,"dashPattern":[],"lineCapStyle":0,"lineJoinStyle":0},"borders":[{"_class":"border","isEnabled":true,"fillType":1,"color":{"_class":"color","alpha":1,"blue":0.592,"green":0.592,"red":0.592},"contextSettings":{"_class":"graphicsContextSettings","blendMode":0,"opacity":1},"gradient":{"_class":"gradient","elipseLength":0,"from":"{0.5, 0}","gradientType":0,"to":"{0.5, 1}","stops":[{"_class":"gradientStop","position":0,"color":{"_class":"color","alpha":1,"blue":0.5147568151145535,"green":0.9092787590579711,"red":0.2861594509260947}},{"_class":"gradientStop","position":0.4538112331081081,"color":{"_class":"color","alpha":1,"blue":0.5498106400966155,"green":0.7652940941708629,"red":0.4249533276357845}},{"_class":"gradientStop","position":1,"color":{"_class":"color","alpha":1,"blue":0.06172445276340605,"green":0.06172445276340605,"red":0.935943161231884}}]},"position":1,"thickness":5}],"colorControls":{"_class":"colorControls","isEnabled":false,"brightness":0,"contrast":1,"hue":0,"saturation":1},"contextSettings":{"_class":"graphicsContextSettings","blendMode":0,"opacity":1},"fills":[{"_class":"fill","isEnabled":false,"fillType":0,"color":{"_class":"color","alpha":1,"blue":0.847,"green":0.847,"red":0.847},"contextSettings":{"_class":"graphicsContextSettings","blendMode":0,"opacity":1},"gradient":{"_class":"gradient","elipseLength":0,"from":"{0.5, 0}","gradientType":0,"to":"{0.5, 1}","stops":[{"_class":"gradientStop","position":0,"color":{"_class":"color","alpha":1,"blue":1,"green":1,"red":1}},{"_class":"gradientStop","position":1,"color":{"_class":"color","alpha":1,"blue":0,"green":0,"red":0}}]},"noiseIndex":0,"noiseIntensity":0,"patternFillType":1,"patternTileScale":1}],"innerShadows":[],"shadows":[]},"edited":true,"isClosed":true,"pointRadiusBehaviour":1,"points":[{"_class":"curvePoint","cornerRadius":0,"curveFrom":"{0.40572235698276438, 0.93917143508999501}","curveMode":2,"curveTo":"{-0.012666208866901946, -0.5587966148417719}","hasCurveFrom":true,"hasCurveTo":true,"point":"{0.19652807405793116, 0.19018741012411169}"},{"_class":"curvePoint","cornerRadius":0,"curveFrom":"{1.1272663601085042, 0.81469470073361749}","curveMode":2,"curveTo":"{0.77594667695508956, -0.43431988048539338}","hasCurveFrom":true,"hasCurveTo":true,"point":"{0.95160651853179634, 0.19018741012411169}"},{"_class":"curvePoint","cornerRadius":0,"curveFrom":"{0.59911437797183387, 0.64852152747373637}","curveMode":2,"curveTo":"{0.77480289057120122, 1.1305830013394578}","hasCurveFrom":true,"hasCurveTo":true,"point":"{0.68695863427151727, 0.88955226440659707}"},{"_class":"curvePoint","cornerRadius":0,"curveFrom":"{-0.11354203218073131, 1.1576999802149817}","curveMode":2,"curveTo":"{0.50659818029659354, 0.81857438897635715}","hasCurveFrom":true,"hasCurveTo":true,"point":"{0.19652807405793116, 0.98813718459566946}"}]},{"_class":"shapePath","do_objectID":"1D846040-D4F4-4BB8-9004-FECFA5E5674B","booleanOperation":0,"isFixedToViewport":false,"isFlippedHorizontal":false,"isFlippedVertical":false,"isLocked":false,"isVisible":true,"layerListExpandedType":0,"maintainScrollPosition":false,"name":"Path","nameIsFixed":false,"resizingConstraint":63,"resizingType":0,"rotation":0,"shouldBreakMaskChain":false,"exportOptions":{"_class":"exportOptions","includedLayerIds":[],"layerOptions":0,"shouldTrim":false,"exportFormats":[]},"frame":{"_class":"rect","constrainProportions":false,"height":95.6504045640548,"width":229.35841304631,"x":-33,"y":-102},"clippingMaskMode":0,"hasClippingMask":false,"style":{"_class":"style","do_objectID":"8A724787-906B-49F9-A8DD-BC993C81D35A","endMarkerType":0,"miterLimit":10,"startMarkerType":0,"windingRule":1,"blur":{"_class":"blur","isEnabled":false,"center":"{0.5, 0.5}","motionAngle":0,"radius":10,"saturation":1,"type":0},"borderOptions":{"_class":"borderOptions","isEnabled":true,"dashPattern":[],"lineCapStyle":0,"lineJoinStyle":0},"borders":[{"_class":"border","isEnabled":true,"fillType":1,"color":{"_class":"color","alpha":1,"blue":0.592,"green":0.592,"red":0.592},"contextSettings":{"_class":"graphicsContextSettings","blendMode":0,"opacity":1},"gradient":{"_class":"gradient","elipseLength":0,"from":"{0.5, 0}","gradientType":1,"to":"{0.5, 1}","stops":[{"_class":"gradientStop","position":0,"color":{"_class":"color","alpha":1,"blue":0.155596533323944,"green":0.155596533323944,"red":0.8664798460144928}},{"_class":"gradientStop","position":0.5067303631756757,"color":{"_class":"color","alpha":1,"blue":0.1092255949341985,"green":0.9126188858695652,"red":0.1097084034023088}},{"_class":"gradientStop","position":1,"color":{"_class":"color","alpha":1,"blue":0.8828125,"green":0.3812456234595725,"red":0.1517502203220274}}]},"position":1,"thickness":5}],"colorControls":{"_class":"colorControls","isEnabled":false,"brightness":0,"contrast":1,"hue":0,"saturation":1},"contextSettings":{"_class":"graphicsContextSettings","blendMode":0,"opacity":1},"fills":[{"_class":"fill","isEnabled":false,"fillType":0,"color":{"_class":"color","alpha":1,"blue":0.847,"green":0.847,"red":0.847},"contextSettings":{"_class":"graphicsContextSettings","blendMode":0,"opacity":1},"gradient":{"_class":"gradient","elipseLength":0,"from":"{0.5, 0}","gradientType":0,"to":"{0.5, 1}","stops":[{"_class":"gradientStop","position":0,"color":{"_class":"color","alpha":1,"blue":1,"green":1,"red":1}},{"_class":"gradientStop","position":1,"color":{"_class":"color","alpha":1,"blue":0,"green":0,"red":0}}]},"noiseIndex":0,"noiseIntensity":0,"patternFillType":1,"patternTileScale":1}],"innerShadows":[],"shadows":[]},"edited":true,"isClosed":true,"pointRadiusBehaviour":1,"points":[{"_class":"curvePoint","cornerRadius":0,"curveFrom":"{0.40572235698276438, 0.93917143508999501}","curveMode":2,"curveTo":"{-0.012666208866901946, -0.5587966148417719}","hasCurveFrom":true,"hasCurveTo":true,"point":"{0.19652807405793116, 0.19018741012411169}"},{"_class":"curvePoint","cornerRadius":0,"curveFrom":"{1.1272663601085042, 0.81469470073361749}","curveMode":2,"curveTo":"{0.77594667695508956, -0.43431988048539338}","hasCurveFrom":true,"hasCurveTo":true,"point":"{0.95160651853179634, 0.19018741012411169}"},{"_class":"curvePoint","cornerRadius":0,"curveFrom":"{0.59911437797183387, 0.64852152747373637}","curveMode":2,"curveTo":"{0.77480289057120122, 1.1305830013394578}","hasCurveFrom":true,"hasCurveTo":true,"point":"{0.68695863427151727, 0.88955226440659707}"},{"_class":"curvePoint","cornerRadius":0,"curveFrom":"{-0.11354203218073131, 1.1576999802149817}","curveMode":2,"curveTo":"{0.50659818029659354, 0.81857438897635715}","hasCurveFrom":true,"hasCurveTo":true,"point":"{0.19652807405793116, 0.98813718459566946}"}]},{"_class":"shapePath","do_objectID":"AC9786DE-392E-4CA4-B577-60BACFA5405D","booleanOperation":0,"isFixedToViewport":false,"isFlippedHorizontal":false,"isFlippedVertical":false,"isLocked":false,"isVisible":true,"layerListExpandedType":0,"maintainScrollPosition":false,"name":"Path","nameIsFixed":false,"resizingConstraint":63,"resizingType":0,"rotation":0,"shouldBreakMaskChain":false,"exportOptions":{"_class":"exportOptions","includedLayerIds":[],"layerOptions":0,"shouldTrim":false,"exportFormats":[]},"frame":{"_class":"rect","constrainProportions":false,"height":95.6504045640548,"width":229.35841304631,"x":-33,"y":15.99999999999999},"clippingMaskMode":0,"hasClippingMask":false,"style":{"_class":"style","do_objectID":"0F1C0C6C-AB52-437E-9E1F-1B988D6B64D2","endMarkerType":0,"miterLimit":10,"startMarkerType":0,"windingRule":1,"blur":{"_class":"blur","isEnabled":false,"center":"{0.5, 0.5}","motionAngle":0,"radius":10,"saturation":1,"type":0},"borderOptions":{"_class":"borderOptions","isEnabled":true,"dashPattern":[],"lineCapStyle":0,"lineJoinStyle":0},"borders":[{"_class":"border","isEnabled":true,"fillType":1,"color":{"_class":"color","alpha":1,"blue":0.592,"green":0.592,"red":0.592},"contextSettings":{"_class":"graphicsContextSettings","blendMode":0,"opacity":1},"gradient":{"_class":"gradient","elipseLength":0,"from":"{0.5, 0}","gradientType":2,"to":"{0.5, 1}","stops":[{"_class":"gradientStop","position":0,"color":{"_class":"color","alpha":1,"blue":0.05439997241875439,"green":0.05439997241875439,"red":0.8599128170289855}},{"_class":"gradientStop","position":0.5547930743243243,"color":{"_class":"color","alpha":1,"blue":0.7648324275362319,"green":0.07145297348711621,"red":0.06810331428881117}},{"_class":"gradientStop","position":1,"color":{"_class":"color","alpha":1,"blue":0.2009530669853181,"green":0.8309839221014492,"red":0.3827615775143502}}]},"position":1,"thickness":5}],"colorControls":{"_class":"colorControls","isEnabled":false,"brightness":0,"contrast":1,"hue":0,"saturation":1},"contextSettings":{"_class":"graphicsContextSettings","blendMode":0,"opacity":1},"fills":[{"_class":"fill","isEnabled":false,"fillType":0,"color":{"_class":"color","alpha":1,"blue":0.847,"green":0.847,"red":0.847},"contextSettings":{"_class":"graphicsContextSettings","blendMode":0,"opacity":1},"gradient":{"_class":"gradient","elipseLength":0,"from":"{0.5, 0}","gradientType":0,"to":"{0.5, 1}","stops":[{"_class":"gradientStop","position":0,"color":{"_class":"color","alpha":1,"blue":1,"green":1,"red":1}},{"_class":"gradientStop","position":1,"color":{"_class":"color","alpha":1,"blue":0,"green":0,"red":0}}]},"noiseIndex":0,"noiseIntensity":0,"patternFillType":1,"patternTileScale":1}],"innerShadows":[],"shadows":[]},"edited":true,"isClosed":true,"pointRadiusBehaviour":1,"points":[{"_class":"curvePoint","cornerRadius":0,"curveFrom":"{0.40572235698276438, 0.93917143508999501}","curveMode":2,"curveTo":"{-0.012666208866901946, -0.5587966148417719}","hasCurveFrom":true,"hasCurveTo":true,"point":"{0.19652807405793116, 0.19018741012411169}"},{"_class":"curvePoint","cornerRadius":0,"curveFrom":"{1.1272663601085042, 0.81469470073361749}","curveMode":2,"curveTo":"{0.77594667695508956, -0.43431988048539338}","hasCurveFrom":true,"hasCurveTo":true,"point":"{0.95160651853179634, 0.19018741012411169}"},{"_class":"curvePoint","cornerRadius":0,"curveFrom":"{0.59911437797183387, 0.64852152747373637}","curveMode":2,"curveTo":"{0.77480289057120122, 1.1305830013394578}","hasCurveFrom":true,"hasCurveTo":true,"point":"{0.68695863427151727, 0.88955226440659707}"},{"_class":"curvePoint","cornerRadius":0,"curveFrom":"{-0.11354203218073131, 1.1576999802149817}","curveMode":2,"curveTo":"{0.50659818029659354, 0.81857438897635715}","hasCurveFrom":true,"hasCurveTo":true,"point":"{0.19652807405793116, 0.98813718459566946}"}]},{"_class":"shapePath","do_objectID":"02B72DB8-510E-42C1-BECC-46BD7535C7DC","booleanOperation":0,"isFixedToViewport":false,"isFlippedHorizontal":false,"isFlippedVertical":false,"isLocked":false,"isVisible":true,"layerListExpandedType":0,"maintainScrollPosition":false,"name":"Path","nameIsFixed":false,"resizingConstraint":63,"resizingType":0,"rotation":0,"shouldBreakMaskChain":false,"exportOptions":{"_class":"exportOptions","includedLayerIds":[],"layerOptions":0,"shouldTrim":false,"exportFormats":[]},"frame":{"_class":"rect","constrainProportions":false,"height":95.6504045640548,"width":229.35841304631,"x":215,"y":-220},"clippingMaskMode":0,"hasClippingMask":false,"style":{"_class":"style","do_objectID":"20DD307B-EFAE-48D0-BB8A-C8F41FDA1F6F","endMarkerType":0,"miterLimit":10,"startMarkerType":0,"windingRule":1,"blur":{"_class":"blur","isEnabled":false,"center":"{0.5, 0.5}","motionAngle":0,"radius":10,"saturation":1,"type":0},"borderOptions":{"_class":"borderOptions","isEnabled":true,"dashPattern":[],"lineCapStyle":0,"lineJoinStyle":0},"borders":[{"_class":"border","isEnabled":true,"fillType":1,"color":{"_class":"color","alpha":1,"blue":0.592,"green":0.592,"red":0.592},"contextSettings":{"_class":"graphicsContextSettings","blendMode":0,"opacity":1},"gradient":{"_class":"gradient","elipseLength":0,"from":"{0.5, 0}","gradientType":0,"to":"{0.5, 1}","stops":[{"_class":"gradientStop","position":0,"color":{"_class":"color","alpha":1,"blue":0.5147568151145535,"green":0.9092787590579711,"red":0.2861594509260947}},{"_class":"gradientStop","position":0.4538112331081081,"color":{"_class":"color","alpha":1,"blue":0.5498106400966155,"green":0.7652940941708629,"red":0.4249533276357845}},{"_class":"gradientStop","position":1,"color":{"_class":"color","alpha":1,"blue":0.06172445276340605,"green":0.06172445276340605,"red":0.935943161231884}}]},"position":0,"thickness":5}],"colorControls":{"_class":"colorControls","isEnabled":false,"brightness":0,"contrast":1,"hue":0,"saturation":1},"contextSettings":{"_class":"graphicsContextSettings","blendMode":0,"opacity":1},"fills":[{"_class":"fill","isEnabled":false,"fillType":0,"color":{"_class":"color","alpha":1,"blue":0.847,"green":0.847,"red":0.847},"contextSettings":{"_class":"graphicsContextSettings","blendMode":0,"opacity":1},"gradient":{"_class":"gradient","elipseLength":0,"from":"{0.5, 0}","gradientType":0,"to":"{0.5, 1}","stops":[{"_class":"gradientStop","position":0,"color":{"_class":"color","alpha":1,"blue":1,"green":1,"red":1}},{"_class":"gradientStop","position":1,"color":{"_class":"color","alpha":1,"blue":0,"green":0,"red":0}}]},"noiseIndex":0,"noiseIntensity":0,"patternFillType":1,"patternTileScale":1}],"innerShadows":[],"shadows":[]},"edited":true,"isClosed":true,"pointRadiusBehaviour":1,"points":[{"_class":"curvePoint","cornerRadius":0,"curveFrom":"{0.40572235698276438, 0.93917143508999501}","curveMode":2,"curveTo":"{-0.012666208866901946, -0.5587966148417719}","hasCurveFrom":true,"hasCurveTo":true,"point":"{0.19652807405793116, 0.19018741012411169}"},{"_class":"curvePoint","cornerRadius":0,"curveFrom":"{1.1272663601085042, 0.81469470073361749}","curveMode":2,"curveTo":"{0.77594667695508956, -0.43431988048539338}","hasCurveFrom":true,"hasCurveTo":true,"point":"{0.95160651853179634, 0.19018741012411169}"},{"_class":"curvePoint","cornerRadius":0,"curveFrom":"{0.59911437797183387, 0.64852152747373637}","curveMode":2,"curveTo":"{0.77480289057120122, 1.1305830013394578}","hasCurveFrom":true,"hasCurveTo":true,"point":"{0.68695863427151727, 0.88955226440659707}"},{"_class":"curvePoint","cornerRadius":0,"curveFrom":"{-0.11354203218073131, 1.1576999802149817}","curveMode":2,"curveTo":"{0.50659818029659354, 0.81857438897635715}","hasCurveFrom":true,"hasCurveTo":true,"point":"{0.19652807405793116, 0.98813718459566946}"}]},{"_class":"shapePath","do_objectID":"60FBC6F4-5EBA-439F-B76E-3887BB6AC767","booleanOperation":0,"isFixedToViewport":false,"isFlippedHorizontal":false,"isFlippedVertical":false,"isLocked":false,"isVisible":true,"layerListExpandedType":0,"maintainScrollPosition":false,"name":"Path","nameIsFixed":false,"resizingConstraint":63,"resizingType":0,"rotation":0,"shouldBreakMaskChain":false,"exportOptions":{"_class":"exportOptions","includedLayerIds":[],"layerOptions":0,"shouldTrim":false,"exportFormats":[]},"frame":{"_class":"rect","constrainProportions":false,"height":95.6504045640548,"width":229.35841304631,"x":215,"y":-102},"clippingMaskMode":0,"hasClippingMask":false,"style":{"_class":"style","do_objectID":"DE93C6B0-4692-4C06-9B8C-E11E77B25DD3","endMarkerType":0,"miterLimit":10,"startMarkerType":0,"windingRule":1,"blur":{"_class":"blur","isEnabled":false,"center":"{0.5, 0.5}","motionAngle":0,"radius":10,"saturation":1,"type":0},"borderOptions":{"_class":"borderOptions","isEnabled":true,"dashPattern":[],"lineCapStyle":0,"lineJoinStyle":0},"borders":[{"_class":"border","isEnabled":true,"fillType":1,"color":{"_class":"color","alpha":1,"blue":0.592,"green":0.592,"red":0.592},"contextSettings":{"_class":"graphicsContextSettings","blendMode":0,"opacity":1},"gradient":{"_class":"gradient","elipseLength":0,"from":"{0.5, 0}","gradientType":1,"to":"{0.5, 1}","stops":[{"_class":"gradientStop","position":0,"color":{"_class":"color","alpha":1,"blue":0.155596533323944,"green":0.155596533323944,"red":0.8664798460144928}},{"_class":"gradientStop","position":0.5067303631756757,"color":{"_class":"color","alpha":1,"blue":0.1092255949341985,"green":0.9126188858695652,"red":0.1097084034023088}},{"_class":"gradientStop","position":1,"color":{"_class":"color","alpha":1,"blue":0.8828125,"green":0.3812456234595725,"red":0.1517502203220274}}]},"position":0,"thickness":5}],"colorControls":{"_class":"colorControls","isEnabled":false,"brightness":0,"contrast":1,"hue":0,"saturation":1},"contextSettings":{"_class":"graphicsContextSettings","blendMode":0,"opacity":1},"fills":[{"_class":"fill","isEnabled":false,"fillType":0,"color":{"_class":"color","alpha":1,"blue":0.847,"green":0.847,"red":0.847},"contextSettings":{"_class":"graphicsContextSettings","blendMode":0,"opacity":1},"gradient":{"_class":"gradient","elipseLength":0,"from":"{0.5, 0}","gradientType":0,"to":"{0.5, 1}","stops":[{"_class":"gradientStop","position":0,"color":{"_class":"color","alpha":1,"blue":1,"green":1,"red":1}},{"_class":"gradientStop","position":1,"color":{"_class":"color","alpha":1,"blue":0,"green":0,"red":0}}]},"noiseIndex":0,"noiseIntensity":0,"patternFillType":1,"patternTileScale":1}],"innerShadows":[],"shadows":[]},"edited":true,"isClosed":true,"pointRadiusBehaviour":1,"points":[{"_class":"curvePoint","cornerRadius":0,"curveFrom":"{0.40572235698276438, 0.93917143508999501}","curveMode":2,"curveTo":"{-0.012666208866901946, -0.5587966148417719}","hasCurveFrom":true,"hasCurveTo":true,"point":"{0.19652807405793116, 0.19018741012411169}"},{"_class":"curvePoint","cornerRadius":0,"curveFrom":"{1.1272663601085042, 0.81469470073361749}","curveMode":2,"curveTo":"{0.77594667695508956, -0.43431988048539338}","hasCurveFrom":true,"hasCurveTo":true,"point":"{0.95160651853179634, 0.19018741012411169}"},{"_class":"curvePoint","cornerRadius":0,"curveFrom":"{0.59911437797183387, 0.64852152747373637}","curveMode":2,"curveTo":"{0.77480289057120122, 1.1305830013394578}","hasCurveFrom":true,"hasCurveTo":true,"point":"{0.68695863427151727, 0.88955226440659707}"},{"_class":"curvePoint","cornerRadius":0,"curveFrom":"{-0.11354203218073131, 1.1576999802149817}","curveMode":2,"curveTo":"{0.50659818029659354, 0.81857438897635715}","hasCurveFrom":true,"hasCurveTo":true,"point":"{0.19652807405793116, 0.98813718459566946}"}]},{"_class":"shapePath","do_objectID":"51B65B03-D379-4237-8745-992B3C6FEF44","booleanOperation":0,"isFixedToViewport":false,"isFlippedHorizontal":false,"isFlippedVertical":false,"isLocked":false,"isVisible":true,"layerListExpandedType":0,"maintainScrollPosition":false,"name":"Path","nameIsFixed":false,"resizingConstraint":63,"resizingType":0,"rotation":0,"shouldBreakMaskChain":false,"exportOptions":{"_class":"exportOptions","includedLayerIds":[],"layerOptions":0,"shouldTrim":false,"exportFormats":[]},"frame":{"_class":"rect","constrainProportions":false,"height":95.6504045640548,"width":229.35841304631,"x":215,"y":16.00000000000002},"clippingMaskMode":0,"hasClippingMask":false,"style":{"_class":"style","do_objectID":"F4204CA0-5676-41DB-9714-7540079CD3DC","endMarkerType":0,"miterLimit":10,"startMarkerType":0,"windingRule":1,"blur":{"_class":"blur","isEnabled":false,"center":"{0.5, 0.5}","motionAngle":0,"radius":10,"saturation":1,"type":0},"borderOptions":{"_class":"borderOptions","isEnabled":true,"dashPattern":[],"lineCapStyle":0,"lineJoinStyle":0},"borders":[{"_class":"border","isEnabled":true,"fillType":1,"color":{"_class":"color","alpha":1,"blue":0.592,"green":0.592,"red":0.592},"contextSettings":{"_class":"graphicsContextSettings","blendMode":0,"opacity":1},"gradient":{"_class":"gradient","elipseLength":0,"from":"{0.5, 0}","gradientType":2,"to":"{0.5, 1}","stops":[{"_class":"gradientStop","position":0,"color":{"_class":"color","alpha":1,"blue":0.05439997241875439,"green":0.05439997241875439,"red":0.8599128170289855}},{"_class":"gradientStop","position":0.5547930743243243,"color":{"_class":"color","alpha":1,"blue":0.7648324275362319,"green":0.07145297348711621,"red":0.06810331428881117}},{"_class":"gradientStop","position":1,"color":{"_class":"color","alpha":1,"blue":0.2009530669853181,"green":0.8309839221014492,"red":0.3827615775143502}}]},"position":0,"thickness":5}],"colorControls":{"_class":"colorControls","isEnabled":false,"brightness":0,"contrast":1,"hue":0,"saturation":1},"contextSettings":{"_class":"graphicsContextSettings","blendMode":0,"opacity":1},"fills":[{"_class":"fill","isEnabled":false,"fillType":0,"color":{"_class":"color","alpha":1,"blue":0.847,"green":0.847,"red":0.847},"contextSettings":{"_class":"graphicsContextSettings","blendMode":0,"opacity":1},"gradient":{"_class":"gradient","elipseLength":0,"from":"{0.5, 0}","gradientType":0,"to":"{0.5, 1}","stops":[{"_class":"gradientStop","position":0,"color":{"_class":"color","alpha":1,"blue":1,"green":1,"red":1}},{"_class":"gradientStop","position":1,"color":{"_class":"color","alpha":1,"blue":0,"green":0,"red":0}}]},"noiseIndex":0,"noiseIntensity":0,"patternFillType":1,"patternTileScale":1}],"innerShadows":[],"shadows":[]},"edited":true,"isClosed":true,"pointRadiusBehaviour":1,"points":[{"_class":"curvePoint","cornerRadius":0,"curveFrom":"{0.40572235698276438, 0.93917143508999501}","curveMode":2,"curveTo":"{-0.012666208866901946, -0.5587966148417719}","hasCurveFrom":true,"hasCurveTo":true,"point":"{0.19652807405793116, 0.19018741012411169}"},{"_class":"curvePoint","cornerRadius":0,"curveFrom":"{1.1272663601085042, 0.81469470073361749}","curveMode":2,"curveTo":"{0.77594667695508956, -0.43431988048539338}","hasCurveFrom":true,"hasCurveTo":true,"point":"{0.95160651853179634, 0.19018741012411169}"},{"_class":"curvePoint","cornerRadius":0,"curveFrom":"{0.59911437797183387, 0.64852152747373637}","curveMode":2,"curveTo":"{0.77480289057120122, 1.1305830013394578}","hasCurveFrom":true,"hasCurveTo":true,"point":"{0.68695863427151727, 0.88955226440659707}"},{"_class":"curvePoint","cornerRadius":0,"curveFrom":"{-0.11354203218073131, 1.1576999802149817}","curveMode":2,"curveTo":"{0.50659818029659354, 0.81857438897635715}","hasCurveFrom":true,"hasCurveTo":true,"point":"{0.19652807405793116, 0.98813718459566946}"}]},{"_class":"shapePath","do_objectID":"CFCD0B24-2CE5-4F00-B13C-8DEB649BF27F","booleanOperation":0,"isFixedToViewport":false,"isFlippedHorizontal":false,"isFlippedVertical":false,"isLocked":false,"isVisible":true,"layerListExpandedType":0,"maintainScrollPosition":false,"name":"Path","nameIsFixed":false,"resizingConstraint":63,"resizingType":0,"rotation":0,"shouldBreakMaskChain":false,"exportOptions":{"_class":"exportOptions","includedLayerIds":[],"layerOptions":0,"shouldTrim":false,"exportFormats":[]},"frame":{"_class":"rect","constrainProportions":false,"height":95.6504045640548,"width":229.35841304631,"x":463,"y":-220},"clippingMaskMode":0,"hasClippingMask":false,"style":{"_class":"style","do_objectID":"CE96722D-3762-4F81-9700-FAA5EE3CAFA4","endMarkerType":0,"miterLimit":10,"startMarkerType":0,"windingRule":1,"blur":{"_class":"blur","isEnabled":false,"center":"{0.5, 0.5}","motionAngle":0,"radius":10,"saturation":1,"type":0},"borderOptions":{"_class":"borderOptions","isEnabled":true,"dashPattern":[],"lineCapStyle":0,"lineJoinStyle":0},"borders":[{"_class":"border","isEnabled":true,"fillType":1,"color":{"_class":"color","alpha":1,"blue":0.592,"green":0.592,"red":0.592},"contextSettings":{"_class":"graphicsContextSettings","blendMode":0,"opacity":1},"gradient":{"_class":"gradient","elipseLength":0,"from":"{0.5, 0}","gradientType":0,"to":"{0.5, 1}","stops":[{"_class":"gradientStop","position":0,"color":{"_class":"color","alpha":1,"blue":0.5147568151145535,"green":0.9092787590579711,"red":0.2861594509260947}},{"_class":"gradientStop","position":0.4538112331081081,"color":{"_class":"color","alpha":1,"blue":0.5498106400966155,"green":0.7652940941708629,"red":0.4249533276357845}},{"_class":"gradientStop","position":1,"color":{"_class":"color","alpha":1,"blue":0.06172445276340605,"green":0.06172445276340605,"red":0.935943161231884}}]},"position":2,"thickness":5}],"colorControls":{"_class":"colorControls","isEnabled":false,"brightness":0,"contrast":1,"hue":0,"saturation":1},"contextSettings":{"_class":"graphicsContextSettings","blendMode":0,"opacity":1},"fills":[{"_class":"fill","isEnabled":false,"fillType":0,"color":{"_class":"color","alpha":1,"blue":0.847,"green":0.847,"red":0.847},"contextSettings":{"_class":"graphicsContextSettings","blendMode":0,"opacity":1},"gradient":{"_class":"gradient","elipseLength":0,"from":"{0.5, 0}","gradientType":0,"to":"{0.5, 1}","stops":[{"_class":"gradientStop","position":0,"color":{"_class":"color","alpha":1,"blue":1,"green":1,"red":1}},{"_class":"gradientStop","position":1,"color":{"_class":"color","alpha":1,"blue":0,"green":0,"red":0}}]},"noiseIndex":0,"noiseIntensity":0,"patternFillType":1,"patternTileScale":1}],"innerShadows":[],"shadows":[]},"edited":true,"isClosed":true,"pointRadiusBehaviour":1,"points":[{"_class":"curvePoint","cornerRadius":0,"curveFrom":"{0.40572235698276438, 0.93917143508999501}","curveMode":2,"curveTo":"{-0.012666208866901946, -0.5587966148417719}","hasCurveFrom":true,"hasCurveTo":true,"point":"{0.19652807405793116, 0.19018741012411169}"},{"_class":"curvePoint","cornerRadius":0,"curveFrom":"{1.1272663601085042, 0.81469470073361749}","curveMode":2,"curveTo":"{0.77594667695508956, -0.43431988048539338}","hasCurveFrom":true,"hasCurveTo":true,"point":"{0.95160651853179634, 0.19018741012411169}"},{"_class":"curvePoint","cornerRadius":0,"curveFrom":"{0.59911437797183387, 0.64852152747373637}","curveMode":2,"curveTo":"{0.77480289057120122, 1.1305830013394578}","hasCurveFrom":true,"hasCurveTo":true,"point":"{0.68695863427151727, 0.88955226440659707}"},{"_class":"curvePoint","cornerRadius":0,"curveFrom":"{-0.11354203218073131, 1.1576999802149817}","curveMode":2,"curveTo":"{0.50659818029659354, 0.81857438897635715}","hasCurveFrom":true,"hasCurveTo":true,"point":"{0.19652807405793116, 0.98813718459566946}"}]},{"_class":"shapePath","do_objectID":"615986A5-781C-4FDE-9E95-772992DE9406","booleanOperation":0,"isFixedToViewport":false,"isFlippedHorizontal":false,"isFlippedVertical":false,"isLocked":false,"isVisible":true,"layerListExpandedType":0,"maintainScrollPosition":false,"name":"Path","nameIsFixed":false,"resizingConstraint":63,"resizingType":0,"rotation":0,"shouldBreakMaskChain":false,"exportOptions":{"_class":"exportOptions","includedLayerIds":[],"layerOptions":0,"shouldTrim":false,"exportFormats":[]},"frame":{"_class":"rect","constrainProportions":false,"height":95.6504045640548,"width":229.35841304631,"x":463,"y":-102},"clippingMaskMode":0,"hasClippingMask":false,"style":{"_class":"style","do_objectID":"1EA307D2-945B-47B1-A587-8E18B6B8F617","endMarkerType":0,"miterLimit":10,"startMarkerType":0,"windingRule":1,"blur":{"_class":"blur","isEnabled":false,"center":"{0.5, 0.5}","motionAngle":0,"radius":10,"saturation":1,"type":0},"borderOptions":{"_class":"borderOptions","isEnabled":true,"dashPattern":[],"lineCapStyle":0,"lineJoinStyle":0},"borders":[{"_class":"border","isEnabled":true,"fillType":1,"color":{"_class":"color","alpha":1,"blue":0.592,"green":0.592,"red":0.592},"contextSettings":{"_class":"graphicsContextSettings","blendMode":0,"opacity":1},"gradient":{"_class":"gradient","elipseLength":0,"from":"{0.5, 0}","gradientType":1,"to":"{0.5, 1}","stops":[{"_class":"gradientStop","position":0,"color":{"_class":"color","alpha":1,"blue":0.155596533323944,"green":0.155596533323944,"red":0.8664798460144928}},{"_class":"gradientStop","position":0.5067303631756757,"color":{"_class":"color","alpha":1,"blue":0.1092255949341985,"green":0.9126188858695652,"red":0.1097084034023088}},{"_class":"gradientStop","position":1,"color":{"_class":"color","alpha":1,"blue":0.8828125,"green":0.3812456234595725,"red":0.1517502203220274}}]},"position":2,"thickness":5}],"colorControls":{"_class":"colorControls","isEnabled":false,"brightness":0,"contrast":1,"hue":0,"saturation":1},"contextSettings":{"_class":"graphicsContextSettings","blendMode":0,"opacity":1},"fills":[{"_class":"fill","isEnabled":false,"fillType":0,"color":{"_class":"color","alpha":1,"blue":0.847,"green":0.847,"red":0.847},"contextSettings":{"_class":"graphicsContextSettings","blendMode":0,"opacity":1},"gradient":{"_class":"gradient","elipseLength":0,"from":"{0.5, 0}","gradientType":0,"to":"{0.5, 1}","stops":[{"_class":"gradientStop","position":0,"color":{"_class":"color","alpha":1,"blue":1,"green":1,"red":1}},{"_class":"gradientStop","position":1,"color":{"_class":"color","alpha":1,"blue":0,"green":0,"red":0}}]},"noiseIndex":0,"noiseIntensity":0,"patternFillType":1,"patternTileScale":1}],"innerShadows":[],"shadows":[]},"edited":true,"isClosed":true,"pointRadiusBehaviour":1,"points":[{"_class":"curvePoint","cornerRadius":0,"curveFrom":"{0.40572235698276438, 0.93917143508999501}","curveMode":2,"curveTo":"{-0.012666208866901946, -0.5587966148417719}","hasCurveFrom":true,"hasCurveTo":true,"point":"{0.19652807405793116, 0.19018741012411169}"},{"_class":"curvePoint","cornerRadius":0,"curveFrom":"{1.1272663601085042, 0.81469470073361749}","curveMode":2,"curveTo":"{0.77594667695508956, -0.43431988048539338}","hasCurveFrom":true,"hasCurveTo":true,"point":"{0.95160651853179634, 0.19018741012411169}"},{"_class":"curvePoint","cornerRadius":0,"curveFrom":"{0.59911437797183387, 0.64852152747373637}","curveMode":2,"curveTo":"{0.77480289057120122, 1.1305830013394578}","hasCurveFrom":true,"hasCurveTo":true,"point":"{0.68695863427151727, 0.88955226440659707}"},{"_class":"curvePoint","cornerRadius":0,"curveFrom":"{-0.11354203218073131, 1.1576999802149817}","curveMode":2,"curveTo":"{0.50659818029659354, 0.81857438897635715}","hasCurveFrom":true,"hasCurveTo":true,"point":"{0.19652807405793116, 0.98813718459566946}"}]},{"_class":"shapePath","do_objectID":"11825329-464A-4D01-96D9-E3B170711686","booleanOperation":0,"isFixedToViewport":false,"isFlippedHorizontal":false,"isFlippedVertical":false,"isLocked":false,"isVisible":true,"layerListExpandedType":0,"maintainScrollPosition":false,"name":"Path","nameIsFixed":false,"resizingConstraint":63,"resizingType":0,"rotation":0,"shouldBreakMaskChain":false,"exportOptions":{"_class":"exportOptions","includedLayerIds":[],"layerOptions":0,"shouldTrim":false,"exportFormats":[]},"frame":{"_class":"rect","constrainProportions":false,"height":95.6504045640548,"width":229.35841304631,"x":463,"y":16.00000000000002},"clippingMaskMode":0,"hasClippingMask":false,"style":{"_class":"style","do_objectID":"48EF039D-D4D3-442B-AB7E-8F0CCCC74C33","endMarkerType":0,"miterLimit":10,"startMarkerType":0,"windingRule":1,"blur":{"_class":"blur","isEnabled":false,"center":"{0.5, 0.5}","motionAngle":0,"radius":10,"saturation":1,"type":0},"borderOptions":{"_class":"borderOptions","isEnabled":true,"dashPattern":[],"lineCapStyle":0,"lineJoinStyle":0},"borders":[{"_class":"border","isEnabled":true,"fillType":1,"color":{"_class":"color","alpha":1,"blue":0.592,"green":0.592,"red":0.592},"contextSettings":{"_class":"graphicsContextSettings","blendMode":0,"opacity":1},"gradient":{"_class":"gradient","elipseLength":0,"from":"{0.5, 0}","gradientType":2,"to":"{0.5, 1}","stops":[{"_class":"gradientStop","position":0,"color":{"_class":"color","alpha":1,"blue":0.05439997241875439,"green":0.05439997241875439,"red":0.8599128170289855}},{"_class":"gradientStop","position":0.5547930743243243,"color":{"_class":"color","alpha":1,"blue":0.7648324275362319,"green":0.07145297348711621,"red":0.06810331428881117}},{"_class":"gradientStop","position":1,"color":{"_class":"color","alpha":1,"blue":0.2009530669853181,"green":0.8309839221014492,"red":0.3827615775143502}}]},"position":2,"thickness":5}],"colorControls":{"_class":"colorControls","isEnabled":false,"brightness":0,"contrast":1,"hue":0,"saturation":1},"contextSettings":{"_class":"graphicsContextSettings","blendMode":0,"opacity":1},"fills":[{"_class":"fill","isEnabled":false,"fillType":0,"color":{"_class":"color","alpha":1,"blue":0.847,"green":0.847,"red":0.847},"contextSettings":{"_class":"graphicsContextSettings","blendMode":0,"opacity":1},"gradient":{"_class":"gradient","elipseLength":0,"from":"{0.5, 0}","gradientType":0,"to":"{0.5, 1}","stops":[{"_class":"gradientStop","position":0,"color":{"_class":"color","alpha":1,"blue":1,"green":1,"red":1}},{"_class":"gradientStop","position":1,"color":{"_class":"color","alpha":1,"blue":0,"green":0,"red":0}}]},"noiseIndex":0,"noiseIntensity":0,"patternFillType":1,"patternTileScale":1}],"innerShadows":[],"shadows":[]},"edited":true,"isClosed":true,"pointRadiusBehaviour":1,"points":[{"_class":"curvePoint","cornerRadius":0,"curveFrom":"{0.40572235698276438, 0.93917143508999501}","curveMode":2,"curveTo":"{-0.012666208866901946, -0.5587966148417719}","hasCurveFrom":true,"hasCurveTo":true,"point":"{0.19652807405793116, 0.19018741012411169}"},{"_class":"curvePoint","cornerRadius":0,"curveFrom":"{1.1272663601085042, 0.81469470073361749}","curveMode":2,"curveTo":"{0.77594667695508956, -0.43431988048539338}","hasCurveFrom":true,"hasCurveTo":true,"point":"{0.95160651853179634, 0.19018741012411169}"},{"_class":"curvePoint","cornerRadius":0,"curveFrom":"{0.59911437797183387, 0.64852152747373637}","curveMode":2,"curveTo":"{0.77480289057120122, 1.1305830013394578}","hasCurveFrom":true,"hasCurveTo":true,"point":"{0.68695863427151727, 0.88955226440659707}"},{"_class":"curvePoint","cornerRadius":0,"curveFrom":"{-0.11354203218073131, 1.1576999802149817}","curveMode":2,"curveTo":"{0.50659818029659354, 0.81857438897635715}","hasCurveFrom":true,"hasCurveTo":true,"point":"{0.19652807405793116, 0.98813718459566946}"}]}],"includeInCloudUpload":true,"horizontalRulerData":{"_class":"rulerData","base":-379,"guides":[]},"verticalRulerData":{"_class":"rulerData","base":-352,"guides":[]}}