{"_class":"document","do_objectID":"B54DCA79-2C0E-4FE5-A031-66C4BEC25440","colorSpace":0,"currentPageIndex":1,"assets":{"_class":"assetCollection","do_objectID":"131121F3-1143-4227-8C33-FF5A50FBE1F5","images":[],"colorAssets":[],"exportPresets":[],"gradientAssets":[],"imageCollection":{"_class":"imageCollection","images":{}},"colors":[],"gradients":[]},"foreignLayerStyles":[],"foreignSymbols":[],"foreignTextStyles":[],"layerStyles":{"_class":"sharedStyleContainer","objects":[]},"layerSymbols":{"_class":"symbolContainer","objects":[]},"layerTextStyles":{"_class":"sharedTextStyleContainer","objects":[]},"pages":[{"_class":"MSJSONFileReference","_ref_class":"MSImmutablePage","_ref":"pages\/3A999B2E-31F4-416A-9746-278D4DF79FB0"},{"_class":"MSJSONFileReference","_ref_class":"MSImmutablePage","_ref":"pages\/4070D19E-C700-439D-B9DE-D6F0D8B81CBC"}]}