{"commit":"ebe35af5ba78090fd351ed427ecaafac003e0331","pagesAndArtboards":{"3A999B2E-31F4-416A-9746-278D4DF79FB0":{"name":"o","artboards":{}},"4070D19E-C700-439D-B9DE-D6F0D8B81CBC":{"name":"Page 2","artboards":{}}},"version":121,"fonts":[],"compatibilityVersion":99,"app":"com.bohemiancoding.sketch3","autosaved":0,"variant":"NONAPPSTORE","created":{"commit":"ebe35af5ba78090fd351ed427ecaafac003e0331","appVersion":"59.1","build":86144,"app":"com.bohemiancoding.sketch3","compatibilityVersion":99,"version":121,"variant":"NONAPPSTORE"},"saveHistory":["NONAPPSTORE.86144"],"appVersion":"59.1","build":86144}