{"commit":"ebe35af5ba78090fd351ed427ecaafac003e0331","pagesAndArtboards":{"A72E99DF-BD11-4D61-9BAD-AC565081D618":{"name":"Page 2","artboards":{}},"BA101A49-BC45-4214-A412-3F7A52A342B1":{"name":"Page 1","artboards":{}},"934D039C-2ED9-4796-A10F-88F0A87A6D28":{"name":"Symbols","artboards":{"23F3DD1C-A9A6-4881-97D4-5A594D9C1872":{"name":"1.通用\/2.Icon图标\/Line\/Down"}}},"87863C50-BCF4-4D60-ABCF-F50346B53F76":{"name":"Page 3","artboards":{"1577E2C2-F39A-4058-B0FD-18BF919FE9F9":{"name":"2.导航\/6.Dropdown下拉菜单\/亮色\/主要-中"}}}},"version":121,"fonts":["PingFangSC-Regular"],"compatibilityVersion":99,"app":"com.bohemiancoding.sketch3","autosaved":0,"variant":"NONAPPSTORE","created":{"commit":"ebe35af5ba78090fd351ed427ecaafac003e0331","appVersion":"59.1","build":86144,"app":"com.bohemiancoding.sketch3","compatibilityVersion":99,"version":121,"variant":"NONAPPSTORE"},"saveHistory":["NONAPPSTORE.86144"],"appVersion":"59.1","build":86144}