{"_class":"page","do_objectID":"934D039C-2ED9-4796-A10F-88F0A87A6D28","booleanOperation":-1,"isFixedToViewport":false,"isFlippedHorizontal":false,"isFlippedVertical":false,"isLocked":false,"isVisible":true,"layerListExpandedType":0,"maintainScrollPosition":false,"name":"Symbols","nameIsFixed":false,"resizingConstraint":63,"resizingType":0,"rotation":0,"shouldBreakMaskChain":false,"exportOptions":{"_class":"exportOptions","includedLayerIds":[],"layerOptions":0,"shouldTrim":false,"exportFormats":[]},"frame":{"_class":"rect","constrainProportions":false,"height":0,"width":0,"x":0,"y":0},"clippingMaskMode":0,"hasClippingMask":false,"style":{"_class":"style","do_objectID":"64EDA7C1-8453-4F3E-9DEB-D099CD7756E0","endMarkerType":0,"miterLimit":10,"startMarkerType":0,"windingRule":1,"blur":{"_class":"blur","isEnabled":false,"center":"{0.5, 0.5}","motionAngle":0,"radius":10,"saturation":1,"type":0},"borderOptions":{"_class":"borderOptions","isEnabled":true,"dashPattern":[],"lineCapStyle":0,"lineJoinStyle":0},"borders":[],"colorControls":{"_class":"colorControls","isEnabled":false,"brightness":0,"contrast":1,"hue":0,"saturation":1},"contextSettings":{"_class":"graphicsContextSettings","blendMode":0,"opacity":1},"fills":[],"innerShadows":[],"shadows":[]},"hasClickThrough":true,"groupLayout":{"_class":"MSImmutableFreeformGroupLayout"},"layers":[{"_class":"symbolMaster","do_objectID":"23F3DD1C-A9A6-4881-97D4-5A594D9C1872","booleanOperation":-1,"isFixedToViewport":false,"isFlippedHorizontal":false,"isFlippedVertical":false,"isLocked":false,"isVisible":true,"layerListExpandedType":2,"maintainScrollPosition":false,"name":"1.通用\/2.Icon图标\/Line\/Down","nameIsFixed":true,"resizingConstraint":63,"resizingType":0,"rotation":0,"shouldBreakMaskChain":true,"exportOptions":{"_class":"exportOptions","includedLayerIds":[],"layerOptions":0,"shouldTrim":false,"exportFormats":[]},"frame":{"_class":"rect","constrainProportions":false,"height":16,"width":16,"x":100,"y":0},"clippingMaskMode":0,"hasClippingMask":false,"style":{"_class":"style","do_objectID":"31E58BEE-AAB4-4361-9C29-9AFB7F2B51EC","endMarkerType":0,"miterLimit":10,"startMarkerType":0,"windingRule":1,"blur":{"_class":"blur","isEnabled":false,"center":"{0.5, 0.5}","motionAngle":0,"radius":10,"saturation":1,"type":0},"borderOptions":{"_class":"borderOptions","isEnabled":true,"dashPattern":[],"lineCapStyle":0,"lineJoinStyle":0},"borders":[],"colorControls":{"_class":"colorControls","isEnabled":false,"brightness":0,"contrast":1,"hue":0,"saturation":1},"contextSettings":{"_class":"graphicsContextSettings","blendMode":0,"opacity":1},"fills":[],"innerShadows":[],"shadows":[]},"hasClickThrough":true,"groupLayout":{"_class":"MSImmutableFreeformGroupLayout"},"layers":[{"_class":"group","do_objectID":"4F710B52-BDA9-470B-9F3A-13E25AA7B3FB","booleanOperation":-1,"isFixedToViewport":false,"isFlippedHorizontal":false,"isFlippedVertical":false,"isLocked":false,"isVisible":true,"layerListExpandedType":2,"maintainScrollPosition":false,"name":"up","nameIsFixed":false,"resizingConstraint":63,"resizingType":0,"rotation":0,"shouldBreakMaskChain":false,"exportOptions":{"_class":"exportOptions","includedLayerIds":[],"layerOptions":0,"shouldTrim":false,"exportFormats":[]},"frame":{"_class":"rect","constrainProportions":false,"height":16,"width":16,"x":0,"y":0},"clippingMaskMode":0,"hasClippingMask":false,"style":{"_class":"style","do_objectID":"847F240B-0011-4683-938A-D46C30DD2653","endMarkerType":0,"miterLimit":10,"startMarkerType":0,"windingRule":1,"blur":{"_class":"blur","isEnabled":false,"center":"{0.5, 0.5}","motionAngle":0,"radius":10,"saturation":1,"type":0},"borderOptions":{"_class":"borderOptions","isEnabled":true,"dashPattern":[],"lineCapStyle":0,"lineJoinStyle":0},"borders":[],"colorControls":{"_class":"colorControls","isEnabled":false,"brightness":0,"contrast":1,"hue":0,"saturation":1},"contextSettings":{"_class":"graphicsContextSettings","blendMode":0,"opacity":1},"fills":[],"innerShadows":[],"shadows":[]},"hasClickThrough":false,"groupLayout":{"_class":"MSImmutableFreeformGroupLayout"},"layers":[{"_class":"rectangle","do_objectID":"F262F7A0-688C-4F1A-9601-E66EE11DD7F2","booleanOperation":-1,"isFixedToViewport":false,"isFlippedHorizontal":false,"isFlippedVertical":false,"isLocked":false,"isVisible":true,"layerListExpandedType":0,"maintainScrollPosition":false,"name":"矩形","nameIsFixed":false,"resizingConstraint":63,"resizingType":0,"rotation":0,"shouldBreakMaskChain":false,"exportOptions":{"_class":"exportOptions","includedLayerIds":[],"layerOptions":0,"shouldTrim":false,"exportFormats":[]},"frame":{"_class":"rect","constrainProportions":false,"height":16,"width":16,"x":0,"y":0},"clippingMaskMode":0,"hasClippingMask":false,"style":{"_class":"style","do_objectID":"E850BC80-84CC-4649-A7D6-0FFED76B3CD8","endMarkerType":0,"miterLimit":10,"startMarkerType":0,"windingRule":0,"blur":{"_class":"blur","isEnabled":false,"center":"{0.5, 0.5}","motionAngle":0,"radius":10,"saturation":1,"type":0},"borderOptions":{"_class":"borderOptions","isEnabled":true,"dashPattern":[],"lineCapStyle":0,"lineJoinStyle":0},"borders":[],"colorControls":{"_class":"colorControls","isEnabled":false,"brightness":0,"contrast":1,"hue":0,"saturation":1},"contextSettings":{"_class":"graphicsContextSettings","blendMode":0,"opacity":0},"fills":[{"_class":"fill","isEnabled":true,"fillType":0,"color":{"_class":"color","alpha":1,"blue":0,"green":0,"red":0},"contextSettings":{"_class":"graphicsContextSettings","blendMode":0,"opacity":1},"gradient":{"_class":"gradient","elipseLength":0,"from":"{0.5, 0}","gradientType":0,"to":"{0.5, 1}","stops":[{"_class":"gradientStop","position":0,"color":{"_class":"color","alpha":1,"blue":1,"green":1,"red":1}},{"_class":"gradientStop","position":1,"color":{"_class":"color","alpha":1,"blue":0,"green":0,"red":0}}]},"noiseIndex":0,"noiseIntensity":0,"patternFillType":1,"patternTileScale":1}],"innerShadows":[],"shadows":[]},"edited":false,"isClosed":true,"pointRadiusBehaviour":1,"points":[{"_class":"curvePoint","cornerRadius":0,"curveFrom":"{0, 0}","curveMode":1,"curveTo":"{0, 0}","hasCurveFrom":false,"hasCurveTo":false,"point":"{0, 0}"},{"_class":"curvePoint","cornerRadius":0,"curveFrom":"{1, 0}","curveMode":1,"curveTo":"{1, 0}","hasCurveFrom":false,"hasCurveTo":false,"point":"{1, 0}"},{"_class":"curvePoint","cornerRadius":0,"curveFrom":"{1, 1}","curveMode":1,"curveTo":"{1, 1}","hasCurveFrom":false,"hasCurveTo":false,"point":"{1, 1}"},{"_class":"curvePoint","cornerRadius":0,"curveFrom":"{0, 1}","curveMode":1,"curveTo":"{0, 1}","hasCurveFrom":false,"hasCurveTo":false,"point":"{0, 1}"}],"fixedRadius":0,"needsConvertionToNewRoundCorners":false,"hasConvertedToNewRoundCorners":true}]},{"_class":"shapePath","do_objectID":"F50FED7A-8D4D-4FB4-985E-297C2CF4875E","booleanOperation":-1,"isFixedToViewport":false,"isFlippedHorizontal":false,"isFlippedVertical":false,"isLocked":false,"isVisible":true,"layerListExpandedType":0,"maintainScrollPosition":false,"name":"路径","nameIsFixed":false,"resizingConstraint":63,"resizingType":0,"rotation":0,"shouldBreakMaskChain":false,"exportOptions":{"_class":"exportOptions","includedLayerIds":[],"layerOptions":0,"shouldTrim":false,"exportFormats":[]},"frame":{"_class":"rect","constrainProportions":false,"height":8,"width":11.87480364012751,"x":2,"y":4},"clippingMaskMode":0,"hasClippingMask":false,"sharedStyleID":"9A5C69FB-19E5-42FB-9C01-6C30197399E8","style":{"_class":"style","do_objectID":"D08CBACA-6609-4ECD-880D-E4AC3757F0E7","endMarkerType":0,"miterLimit":10,"startMarkerType":0,"windingRule":1,"blur":{"_class":"blur","isEnabled":false,"center":"{0.5, 0.5}","motionAngle":0,"radius":10,"saturation":1,"type":0},"borderOptions":{"_class":"borderOptions","isEnabled":true,"dashPattern":[],"lineCapStyle":0,"lineJoinStyle":0},"borders":[{"_class":"border","isEnabled":false,"fillType":0,"color":{"_class":"color","alpha":1,"blue":0.592,"green":0.592,"red":0.592},"contextSettings":{"_class":"graphicsContextSettings","blendMode":0,"opacity":1},"gradient":{"_class":"gradient","elipseLength":0,"from":"{0.5, 0}","gradientType":0,"to":"{0.5, 1}","stops":[{"_class":"gradientStop","position":0,"color":{"_class":"color","alpha":1,"blue":1,"green":1,"red":1}},{"_class":"gradientStop","position":1,"color":{"_class":"color","alpha":1,"blue":0,"green":0,"red":0}}]},"position":0,"thickness":1}],"colorControls":{"_class":"colorControls","isEnabled":true,"brightness":0,"contrast":1,"hue":0,"saturation":1},"contextSettings":{"_class":"graphicsContextSettings","blendMode":0,"opacity":1},"fills":[{"_class":"fill","isEnabled":true,"fillType":0,"color":{"_class":"color","alpha":0.65,"blue":0,"green":0,"red":0},"contextSettings":{"_class":"graphicsContextSettings","blendMode":0,"opacity":1},"gradient":{"_class":"gradient","elipseLength":0,"from":"{0.5, 0}","gradientType":0,"to":"{0.5, 1}","stops":[{"_class":"gradientStop","position":0,"color":{"_class":"color","alpha":1,"blue":1,"green":1,"red":1}},{"_class":"gradientStop","position":1,"color":{"_class":"color","alpha":1,"blue":0,"green":0,"red":0}}]},"noiseIndex":0,"noiseIntensity":0,"patternFillType":1,"patternTileScale":1}],"innerShadows":[],"shadows":[]},"edited":true,"isClosed":true,"pointRadiusBehaviour":1,"points":[{"_class":"curvePoint","cornerRadius":0,"curveFrom":"{0.9895067112255731, 1.1102230246251565e-16}","curveMode":4,"curveTo":"{0.99805948422948199, 0}","hasCurveFrom":false,"hasCurveTo":true,"point":"{0.9895067112255731, 1.1102230246251565e-16}"},{"_class":"curvePoint","cornerRadius":0,"curveFrom":"{0.88411023159278967, 1.1102230246251565e-16}","curveMode":4,"curveTo":"{0.89082086887277967, 1.1102230246251565e-16}","hasCurveFrom":true,"hasCurveTo":false,"point":"{0.89082086887277967, 1.1102230246251565e-16}"},{"_class":"curvePoint","cornerRadius":0,"curveFrom":"{0.87384690398809928, 0.012890625000000155}","curveMode":4,"curveTo":"{0.87779433768221093, 0.004882812500000111}","hasCurveFrom":false,"hasCurveTo":true,"point":"{0.87384690398809928, 0.012890625000000155}"},{"_class":"curvePoint","cornerRadius":0,"curveFrom":"{0.50002493315571783, 0.7777343750000002}","curveMode":1,"curveTo":"{0.50002493315571783, 0.7777343750000002}","hasCurveFrom":false,"hasCurveTo":false,"point":"{0.50002493315571783, 0.7777343750000002}"},{"_class":"curvePoint","cornerRadius":0,"curveFrom":"{0.12225552862922476, 0.004882812500000111}","curveMode":4,"curveTo":"{0.1262029623233365, 0.012890625000000155}","hasCurveFrom":true,"hasCurveTo":false,"point":"{0.1262029623233365, 0.012890625000000155}"},{"_class":"curvePoint","cornerRadius":0,"curveFrom":"{0.10922899743865602, 1.1102230246251565e-16}","curveMode":4,"curveTo":"{0.11593963471864596, 1.1102230246251565e-16}","hasCurveFrom":false,"hasCurveTo":true,"point":"{0.10922899743865602, 1.1102230246251565e-16}"},{"_class":"curvePoint","cornerRadius":0,"curveFrom":"{0.0019903820819538705, 1.1102230246251565e-16}","curveMode":4,"curveTo":"{0.010543155085862631, 1.1102230246251565e-16}","hasCurveFrom":true,"hasCurveTo":false,"point":"{0.010543155085862631, 1.1102230246251565e-16}"},{"_class":"curvePoint","cornerRadius":0,"curveFrom":"{0.0019903820819538705, 0.024804687500000089}","curveMode":4,"curveTo":"{-0.0030097005972543429, 0.014453125000000067}","hasCurveFrom":false,"hasCurveTo":true,"point":"{0.0019903820819538705, 0.024804687500000089}"},{"_class":"curvePoint","cornerRadius":0,"curveFrom":"{0.48278780602476329, 1.0085937500000002}","curveMode":4,"curveTo":"{0.46594542226321994, 0.97421875000000002}","hasCurveFrom":true,"hasCurveTo":false,"point":"{0.46594542226321994, 0.97421875000000002}"},{"_class":"curvePoint","cornerRadius":0,"curveFrom":"{0.53397286292507884, 0.97421875000000002}","curveMode":4,"curveTo":"{0.51726206028667243, 1.0085937500000002}","hasCurveFrom":false,"hasCurveTo":true,"point":"{0.53397286292507884, 0.97421875000000002}"},{"_class":"curvePoint","cornerRadius":0,"curveFrom":"{1.0030595669086901, 0.014453124999999956}","curveMode":4,"curveTo":"{0.99792790310634494, 0.024804687499999978}","hasCurveFrom":true,"hasCurveTo":false,"point":"{0.99792790310634494, 0.024804687499999978}"}]}],"hasBackgroundColor":false,"includeBackgroundColorInExport":true,"includeInCloudUpload":true,"isFlowHome":false,"presetDictionary":{},"resizesContent":false,"backgroundColor":{"_class":"color","alpha":1,"blue":1,"green":1,"red":1},"horizontalRulerData":{"_class":"rulerData","base":0,"guides":[]},"verticalRulerData":{"_class":"rulerData","base":0,"guides":[]},"includeBackgroundColorInInstance":false,"symbolID":"947C0668-8F47-4709-B302-6C78CE31D4AD","changeIdentifier":282,"overrideProperties":[{"_class":"MSImmutableOverrideProperty","canOverride":true,"overrideName":"F50FED7A-8D4D-4FB4-985E-297C2CF4875E_layerStyle"}],"allowsOverrides":true}],"includeInCloudUpload":true,"horizontalRulerData":{"_class":"rulerData","base":0,"guides":[]},"verticalRulerData":{"_class":"rulerData","base":0,"guides":[]}}