{"_class":"page","do_objectID":"BA101A49-BC45-4214-A412-3F7A52A342B1","booleanOperation":-1,"isFixedToViewport":false,"isFlippedHorizontal":false,"isFlippedVertical":false,"isLocked":false,"isVisible":true,"layerListExpandedType":0,"maintainScrollPosition":false,"name":"Page 1","nameIsFixed":false,"resizingConstraint":63,"resizingType":0,"rotation":0,"shouldBreakMaskChain":false,"exportOptions":{"_class":"exportOptions","includedLayerIds":[],"layerOptions":0,"shouldTrim":false,"exportFormats":[]},"frame":{"_class":"rect","constrainProportions":false,"height":0,"width":0,"x":0,"y":0},"clippingMaskMode":0,"hasClippingMask":false,"style":{"_class":"style","do_objectID":"9A2FC368-5F30-4BD1-B565-598095629E42","endMarkerType":0,"miterLimit":10,"startMarkerType":0,"windingRule":1,"blur":{"_class":"blur","isEnabled":false,"center":"{0.5, 0.5}","motionAngle":0,"radius":10,"saturation":1,"type":0},"borderOptions":{"_class":"borderOptions","isEnabled":true,"dashPattern":[],"lineCapStyle":0,"lineJoinStyle":0},"borders":[],"colorControls":{"_class":"colorControls","isEnabled":false,"brightness":0,"contrast":1,"hue":0,"saturation":1},"contextSettings":{"_class":"graphicsContextSettings","blendMode":0,"opacity":1},"fills":[],"innerShadows":[],"shadows":[]},"hasClickThrough":true,"groupLayout":{"_class":"MSImmutableFreeformGroupLayout"},"layers":[{"_class":"shapePath","do_objectID":"92EF0692-36B5-40B7-A760-9FEF0AD13BC0","booleanOperation":0,"isFixedToViewport":false,"isFlippedHorizontal":false,"isFlippedVertical":false,"isLocked":false,"isVisible":true,"layerListExpandedType":0,"maintainScrollPosition":false,"name":"Path","nameIsFixed":false,"resizingConstraint":63,"resizingType":0,"rotation":0,"shouldBreakMaskChain":false,"exportOptions":{"_class":"exportOptions","includedLayerIds":[],"layerOptions":0,"shouldTrim":false,"exportFormats":[]},"frame":{"_class":"rect","constrainProportions":false,"height":95.6504045640548,"width":229.35841304631,"x":237,"y":277},"clippingMaskMode":0,"hasClippingMask":false,"style":{"_class":"style","do_objectID":"C8F6B446-1944-43BE-A421-EFC26BE94356","endMarkerType":0,"miterLimit":10,"startMarkerType":0,"windingRule":1,"blur":{"_class":"blur","isEnabled":false,"center":"{0.5, 0.5}","motionAngle":0,"radius":10,"saturation":1,"type":0},"borderOptions":{"_class":"borderOptions","isEnabled":true,"dashPattern":[],"lineCapStyle":0,"lineJoinStyle":0},"borders":[{"_class":"border","isEnabled":true,"fillType":1,"color":{"_class":"color","alpha":1,"blue":0.592,"green":0.592,"red":0.592},"contextSettings":{"_class":"graphicsContextSettings","blendMode":0,"opacity":1},"gradient":{"_class":"gradient","elipseLength":0,"from":"{0.5, 0}","gradientType":1,"to":"{0.5, 1}","stops":[{"_class":"gradientStop","position":0,"color":{"_class":"color","alpha":1,"blue":0.155596533323944,"green":0.155596533323944,"red":0.8664798460144928}},{"_class":"gradientStop","position":0.5067303631756757,"color":{"_class":"color","alpha":1,"blue":0.1092255949341985,"green":0.9126188858695652,"red":0.1097084034023088}},{"_class":"gradientStop","position":1,"color":{"_class":"color","alpha":1,"blue":0.8828125,"green":0.3812456234595725,"red":0.1517502203220274}}]},"position":0,"thickness":5}],"colorControls":{"_class":"colorControls","isEnabled":false,"brightness":0,"contrast":1,"hue":0,"saturation":1},"contextSettings":{"_class":"graphicsContextSettings","blendMode":0,"opacity":1},"fills":[{"_class":"fill","isEnabled":false,"fillType":0,"color":{"_class":"color","alpha":1,"blue":0.847,"green":0.847,"red":0.847},"contextSettings":{"_class":"graphicsContextSettings","blendMode":0,"opacity":1},"gradient":{"_class":"gradient","elipseLength":0,"from":"{0.5, 0}","gradientType":0,"to":"{0.5, 1}","stops":[{"_class":"gradientStop","position":0,"color":{"_class":"color","alpha":1,"blue":1,"green":1,"red":1}},{"_class":"gradientStop","position":1,"color":{"_class":"color","alpha":1,"blue":0,"green":0,"red":0}}]},"noiseIndex":0,"noiseIntensity":0,"patternFillType":1,"patternTileScale":1}],"innerShadows":[],"shadows":[]},"edited":true,"isClosed":true,"pointRadiusBehaviour":1,"points":[{"_class":"curvePoint","cornerRadius":0,"curveFrom":"{0.40572235698276438, 0.93917143508999501}","curveMode":2,"curveTo":"{-0.012666208866901946, -0.5587966148417719}","hasCurveFrom":true,"hasCurveTo":true,"point":"{0.19652807405793116, 0.19018741012411169}"},{"_class":"curvePoint","cornerRadius":0,"curveFrom":"{1.1272663601085042, 0.81469470073361749}","curveMode":2,"curveTo":"{0.77594667695508956, -0.43431988048539338}","hasCurveFrom":true,"hasCurveTo":true,"point":"{0.95160651853179634, 0.19018741012411169}"},{"_class":"curvePoint","cornerRadius":0,"curveFrom":"{0.59911437797183387, 0.64852152747373637}","curveMode":2,"curveTo":"{0.77480289057120122, 1.1305830013394578}","hasCurveFrom":true,"hasCurveTo":true,"point":"{0.68695863427151727, 0.88955226440659707}"},{"_class":"curvePoint","cornerRadius":0,"curveFrom":"{-0.11354203218073131, 1.1576999802149817}","curveMode":2,"curveTo":"{0.50659818029659354, 0.81857438897635715}","hasCurveFrom":true,"hasCurveTo":true,"point":"{0.19652807405793116, 0.98813718459566946}"}]}],"includeInCloudUpload":true,"horizontalRulerData":{"_class":"rulerData","base":0,"guides":[]},"verticalRulerData":{"_class":"rulerData","base":0,"guides":[]}}