{"commit":"ebe35af5ba78090fd351ed427ecaafac003e0331","pagesAndArtboards":{"5A32F4E5-306D-41B2-BF6E-073A7AA4ABEB":{"name":"Page 1","artboards":{}},"A8F8BCB1-0105-4D89-ABDA-8179B62C0670":{"name":"Page 2","artboards":{"FE550663-A3A8-43C7-B62B-06D3F8430A6F":{"name":"Artboard123"}}}},"version":121,"fonts":[],"compatibilityVersion":99,"app":"com.bohemiancoding.sketch3","autosaved":0,"variant":"NONAPPSTORE","created":{"commit":"ebe35af5ba78090fd351ed427ecaafac003e0331","appVersion":"59.1","build":86144,"app":"com.bohemiancoding.sketch3","compatibilityVersion":99,"version":121,"variant":"NONAPPSTORE"},"saveHistory":["NONAPPSTORE.86144"],"appVersion":"59.1","build":86144}