{"_class":"document","do_objectID":"26E2AB5C-291E-4241-8CF7-C7BDC38DCC25","colorSpace":0,"currentPageIndex":0,"assets":{"_class":"assetCollection","do_objectID":"FA2B6F54-4A2D-462C-9432-8B4770948D2B","images":[],"colorAssets":[],"exportPresets":[],"gradientAssets":[],"imageCollection":{"_class":"imageCollection","images":{}},"colors":[],"gradients":[]},"foreignLayerStyles":[],"foreignSymbols":[],"foreignTextStyles":[],"layerStyles":{"_class":"sharedStyleContainer","objects":[]},"layerSymbols":{"_class":"symbolContainer","objects":[]},"layerTextStyles":{"_class":"sharedTextStyleContainer","objects":[]},"pages":[{"_class":"MSJSONFileReference","_ref_class":"MSImmutablePage","_ref":"pages\/6649A498-EC27-44FC-9AA5-856D1665EF8F"}]}