{"_class":"document","do_objectID":"0092DAF8-ADC5-450F-89CA-79A829D363D5","colorSpace":0,"currentPageIndex":0,"assets":{"_class":"assetCollection","do_objectID":"41367C70-288E-45FD-82D9-5B254674555C","images":[],"colorAssets":[],"exportPresets":[],"gradientAssets":[],"imageCollection":{"_class":"imageCollection","images":{}},"colors":[],"gradients":[]},"foreignLayerStyles":[],"foreignSymbols":[],"foreignTextStyles":[],"layerStyles":{"_class":"sharedStyleContainer","objects":[]},"layerSymbols":{"_class":"symbolContainer","objects":[]},"layerTextStyles":{"_class":"sharedTextStyleContainer","objects":[]},"pages":[{"_class":"MSJSONFileReference","_ref_class":"MSImmutablePage","_ref":"pages\/2B4DB79E-6070-4B6A-B8A3-AAE989345DC2"}]}