{"_class":"page","do_objectID":"4070D19E-C700-439D-B9DE-D6F0D8B81CBC","booleanOperation":-1,"isFixedToViewport":false,"isFlippedHorizontal":false,"isFlippedVertical":false,"isLocked":false,"isVisible":true,"layerListExpandedType":0,"maintainScrollPosition":false,"name":"Page 2","nameIsFixed":false,"resizingConstraint":63,"resizingType":0,"rotation":0,"shouldBreakMaskChain":false,"exportOptions":{"_class":"exportOptions","includedLayerIds":[],"layerOptions":0,"shouldTrim":false,"exportFormats":[]},"frame":{"_class":"rect","constrainProportions":false,"height":0,"width":0,"x":0,"y":0},"clippingMaskMode":0,"hasClippingMask":false,"style":{"_class":"style","do_objectID":"1487DF6D-270F-49AA-A327-4E95C9DE571A","endMarkerType":0,"miterLimit":10,"startMarkerType":0,"windingRule":1,"blur":{"_class":"blur","isEnabled":false,"center":"{0.5, 0.5}","motionAngle":0,"radius":10,"saturation":1,"type":0},"borderOptions":{"_class":"borderOptions","isEnabled":true,"dashPattern":[],"lineCapStyle":0,"lineJoinStyle":0},"borders":[],"colorControls":{"_class":"colorControls","isEnabled":false,"brightness":0,"contrast":1,"hue":0,"saturation":1},"contextSettings":{"_class":"graphicsContextSettings","blendMode":0,"opacity":1},"fills":[],"innerShadows":[],"shadows":[]},"hasClickThrough":true,"groupLayout":{"_class":"MSImmutableFreeformGroupLayout"},"layers":[{"_class":"shapeGroup","do_objectID":"0F3E206F-402E-48C9-BEB9-B348C4EB124C","booleanOperation":-1,"isFixedToViewport":false,"isFlippedHorizontal":false,"isFlippedVertical":false,"isLocked":false,"isVisible":true,"layerListExpandedType":2,"maintainScrollPosition":false,"name":"Combined Shape","nameIsFixed":false,"resizingConstraint":63,"resizingType":0,"rotation":0,"shouldBreakMaskChain":false,"exportOptions":{"_class":"exportOptions","includedLayerIds":[],"layerOptions":0,"shouldTrim":false,"exportFormats":[{"_class":"exportFormat","absoluteSize":0,"fileFormat":"svg","name":"","namingScheme":0,"scale":1,"visibleScaleType":0}]},"frame":{"_class":"rect","constrainProportions":false,"height":45.71428571428572,"width":238.4116060223653,"x":-120,"y":-23},"clippingMaskMode":0,"hasClippingMask":false,"style":{"_class":"style","do_objectID":"FE18E5B4-5A92-4D3F-91DB-E4C03EA4C2D3","endMarkerType":0,"miterLimit":10,"startMarkerType":0,"windingRule":0,"blur":{"_class":"blur","isEnabled":false,"center":"{0.5, 0.5}","motionAngle":0,"radius":2.580645161290323,"saturation":1,"type":0},"borderOptions":{"_class":"borderOptions","isEnabled":true,"dashPattern":[],"lineCapStyle":0,"lineJoinStyle":0},"borders":[],"colorControls":{"_class":"colorControls","isEnabled":true,"brightness":0,"contrast":1,"hue":0,"saturation":1},"contextSettings":{"_class":"graphicsContextSettings","blendMode":0,"opacity":1},"fills":[{"_class":"fill","isEnabled":true,"fillType":0,"color":{"_class":"color","alpha":1,"blue":0.15,"green":0.102875,"red":0.0525},"contextSettings":{"_class":"graphicsContextSettings","blendMode":0,"opacity":1},"gradient":{"_class":"gradient","elipseLength":0,"from":"{0.5, 0}","gradientType":0,"to":"{0.5, 1}","stops":[{"_class":"gradientStop","position":0,"color":{"_class":"color","alpha":1,"blue":1,"green":1,"red":1}},{"_class":"gradientStop","position":1,"color":{"_class":"color","alpha":1,"blue":0,"green":0,"red":0}}]},"noiseIndex":0,"noiseIntensity":0,"patternFillType":1,"patternTileScale":1}],"innerShadows":[],"shadows":[]},"hasClickThrough":false,"groupLayout":{"_class":"MSImmutableFreeformGroupLayout"},"layers":[{"_class":"shapePath","do_objectID":"890EA465-92C6-4127-B35A-D1F0678590F8","booleanOperation":3,"isFixedToViewport":false,"isFlippedHorizontal":false,"isFlippedVertical":false,"isLocked":false,"isVisible":true,"layerListExpandedType":0,"maintainScrollPosition":false,"name":"Ant-Design","nameIsFixed":true,"resizingConstraint":63,"resizingType":0,"rotation":0,"shouldBreakMaskChain":false,"exportOptions":{"_class":"exportOptions","includedLayerIds":[],"layerOptions":0,"shouldTrim":false,"exportFormats":[]},"frame":{"_class":"rect","constrainProportions":false,"height":34.00331391705069,"width":29.63197877068066,"x":0,"y":2.166990820276499},"clippingMaskMode":0,"hasClippingMask":false,"style":{"_class":"style","do_objectID":"8940E6BA-F22D-40F9-8911-CADC9024DEF0","endMarkerType":0,"miterLimit":10,"startMarkerType":0,"windingRule":0,"blur":{"_class":"blur","isEnabled":false,"center":"{0.5, 0.5}","motionAngle":0,"radius":2.580645161290323,"saturation":1,"type":0},"borderOptions":{"_class":"borderOptions","isEnabled":true,"dashPattern":[],"lineCapStyle":0,"lineJoinStyle":0},"borders":[],"colorControls":{"_class":"colorControls","isEnabled":true,"brightness":0,"contrast":1,"hue":0,"saturation":1},"contextSettings":{"_class":"graphicsContextSettings","blendMode":0,"opacity":1},"fills":[{"_class":"fill","isEnabled":true,"fillType":0,"color":{"_class":"color","alpha":1,"blue":0.15,"green":0.102875,"red":0.0525},"contextSettings":{"_class":"graphicsContextSettings","blendMode":0,"opacity":1},"gradient":{"_class":"gradient","elipseLength":0,"from":"{0.5, 0}","gradientType":0,"to":"{0.5, 1}","stops":[{"_class":"gradientStop","position":0,"color":{"_class":"color","alpha":1,"blue":1,"green":1,"red":1}},{"_class":"gradientStop","position":1,"color":{"_class":"color","alpha":1,"blue":0,"green":0,"red":0}}]},"noiseIndex":0,"noiseIntensity":0,"patternFillType":1,"patternTileScale":1}],"innerShadows":[],"shadows":[]},"edited":true,"isClosed":true,"pointRadiusBehaviour":1,"points":[{"_class":"curvePoint","cornerRadius":0,"curveFrom":"{0.1733760819581768, 1}","curveMode":1,"curveTo":"{0.1733760819581768, 1}","hasCurveFrom":false,"hasCurveTo":false,"point":"{0.1733760819581768, 1}"},{"_class":"curvePoint","cornerRadius":0,"curveFrom":"{0, 1}","curveMode":1,"curveTo":"{0, 1}","hasCurveFrom":false,"hasCurveTo":false,"point":"{0, 1}"},{"_class":"curvePoint","cornerRadius":0,"curveFrom":"{0.42223490472808922, 0}","curveMode":1,"curveTo":"{0.42223490472808922, 0}","hasCurveFrom":false,"hasCurveTo":false,"point":"{0.42223490472808922, 0}"},{"_class":"curvePoint","cornerRadius":0,"curveFrom":"{0.57776509527191078, 0}","curveMode":1,"curveTo":"{0.57776509527191078, 0}","hasCurveFrom":false,"hasCurveTo":false,"point":"{0.57776509527191078, 0}"},{"_class":"curvePoint","cornerRadius":0,"curveFrom":"{1, 1}","curveMode":1,"curveTo":"{1, 1}","hasCurveFrom":false,"hasCurveTo":false,"point":"{1, 1}"},{"_class":"curvePoint","cornerRadius":0,"curveFrom":"{0.82662391804182322, 1}","curveMode":1,"curveTo":"{0.82662391804182322, 1}","hasCurveFrom":false,"hasCurveTo":false,"point":"{0.82662391804182322, 1}"},{"_class":"curvePoint","cornerRadius":0,"curveFrom":"{0.71403782073883537, 0.7199999991326409}","curveMode":1,"curveTo":"{0.71403782073883537, 0.7199999991326409}","hasCurveFrom":false,"hasCurveTo":false,"point":"{0.71403782073883537, 0.7199999991326409}"},{"_class":"curvePoint","cornerRadius":0,"curveFrom":"{0.28596217926116463, 0.7199999991326409}","curveMode":1,"curveTo":"{0.28596217926116463, 0.7199999991326409}","hasCurveFrom":false,"hasCurveTo":false,"point":"{0.28596217926116463, 0.7199999991326409}"}]},{"_class":"shapePath","do_objectID":"F8EC6C6A-57A4-45A7-8032-24B4A71C7FAD","booleanOperation":3,"isFixedToViewport":false,"isFlippedHorizontal":false,"isFlippedVertical":false,"isLocked":false,"isVisible":true,"layerListExpandedType":0,"maintainScrollPosition":false,"name":"Ant-Design","nameIsFixed":true,"resizingConstraint":63,"resizingType":0,"rotation":0,"shouldBreakMaskChain":false,"exportOptions":{"_class":"exportOptions","includedLayerIds":[],"layerOptions":0,"shouldTrim":false,"exportFormats":[]},"frame":{"_class":"rect","constrainProportions":false,"height":13.88897231336405,"width":9.729060168943942,"x":9.951459300868345,"y":8.49558208294931},"clippingMaskMode":0,"hasClippingMask":false,"style":{"_class":"style","do_objectID":"AD34069A-5023-4ECE-90B0-2041F631EC16","endMarkerType":0,"miterLimit":10,"startMarkerType":0,"windingRule":0,"blur":{"_class":"blur","isEnabled":false,"center":"{0.5, 0.5}","motionAngle":0,"radius":2.580645161290323,"saturation":1,"type":0},"borderOptions":{"_class":"borderOptions","isEnabled":true,"dashPattern":[],"lineCapStyle":0,"lineJoinStyle":0},"borders":[],"colorControls":{"_class":"colorControls","isEnabled":true,"brightness":0,"contrast":1,"hue":0,"saturation":1},"contextSettings":{"_class":"graphicsContextSettings","blendMode":0,"opacity":1},"fills":[{"_class":"fill","isEnabled":true,"fillType":0,"color":{"_class":"color","alpha":1,"blue":0.15,"green":0.102875,"red":0.0525},"contextSettings":{"_class":"graphicsContextSettings","blendMode":0,"opacity":1},"gradient":{"_class":"gradient","elipseLength":0,"from":"{0.5, 0}","gradientType":0,"to":"{0.5, 1}","stops":[{"_class":"gradientStop","position":0,"color":{"_class":"color","alpha":1,"blue":1,"green":1,"red":1}},{"_class":"gradientStop","position":1,"color":{"_class":"color","alpha":1,"blue":0,"green":0,"red":0}}]},"noiseIndex":0,"noiseIntensity":0,"patternFillType":1,"patternTileScale":1}],"innerShadows":[],"shadows":[]},"edited":true,"isClosed":true,"pointRadiusBehaviour":1,"points":[{"_class":"curvePoint","cornerRadius":0,"curveFrom":"{0, 1}","curveMode":1,"curveTo":"{0, 1}","hasCurveFrom":false,"hasCurveTo":false,"point":"{0, 1}"},{"_class":"curvePoint","cornerRadius":0,"curveFrom":"{1, 1}","curveMode":1,"curveTo":"{1, 1}","hasCurveFrom":false,"hasCurveTo":false,"point":"{1, 1}"},{"_class":"curvePoint","cornerRadius":0,"curveFrom":"{0.50000000000000111, 0}","curveMode":1,"curveTo":"{0.50000000000000111, 0}","hasCurveFrom":false,"hasCurveTo":false,"point":"{0.50000000000000111, 0}"}]},{"_class":"shapePath","do_objectID":"0D279B0E-98A7-47B8-80F1-DC6B92D60E3E","booleanOperation":3,"isFixedToViewport":false,"isFlippedHorizontal":false,"isFlippedVertical":false,"isLocked":false,"isVisible":true,"layerListExpandedType":0,"maintainScrollPosition":false,"name":"Ant-Design","nameIsFixed":true,"resizingConstraint":63,"resizingType":0,"rotation":0,"shouldBreakMaskChain":false,"exportOptions":{"_class":"exportOptions","includedLayerIds":[],"layerOptions":0,"shouldTrim":false,"exportFormats":[]},"frame":{"_class":"rect","constrainProportions":false,"height":26.02694333640554,"width":21.00623528520082,"x":33.97698943314267,"y":10.14336140092166},"clippingMaskMode":0,"hasClippingMask":false,"style":{"_class":"style","do_objectID":"622BD62A-3275-4781-BBCB-239780FE29F1","endMarkerType":0,"miterLimit":10,"startMarkerType":0,"windingRule":0,"blur":{"_class":"blur","isEnabled":false,"center":"{0.5, 0.5}","motionAngle":0,"radius":2.580645161290323,"saturation":1,"type":0},"borderOptions":{"_class":"borderOptions","isEnabled":true,"dashPattern":[],"lineCapStyle":0,"lineJoinStyle":0},"borders":[],"colorControls":{"_class":"colorControls","isEnabled":true,"brightness":0,"contrast":1,"hue":0,"saturation":1},"contextSettings":{"_class":"graphicsContextSettings","blendMode":0,"opacity":1},"fills":[{"_class":"fill","isEnabled":true,"fillType":0,"color":{"_class":"color","alpha":1,"blue":0.15,"green":0.102875,"red":0.0525},"contextSettings":{"_class":"graphicsContextSettings","blendMode":0,"opacity":1},"gradient":{"_class":"gradient","elipseLength":0,"from":"{0.5, 0}","gradientType":0,"to":"{0.5, 1}","stops":[{"_class":"gradientStop","position":0,"color":{"_class":"color","alpha":1,"blue":1,"green":1,"red":1}},{"_class":"gradientStop","position":1,"color":{"_class":"color","alpha":1,"blue":0,"green":0,"red":0}}]},"noiseIndex":0,"noiseIntensity":0,"patternFillType":1,"patternTileScale":1}],"innerShadows":[],"shadows":[]},"edited":true,"isClosed":true,"pointRadiusBehaviour":1,"points":[{"_class":"curvePoint","cornerRadius":0,"curveFrom":"{0.84447343940927877, 0}","curveMode":3,"curveTo":"{0.40212099584347771, 0}","hasCurveFrom":true,"hasCurveTo":true,"point":"{0.56955093441103799, 0}"},{"_class":"curvePoint","cornerRadius":0,"curveFrom":"{1, 0.36758193145179957}","curveMode":4,"curveTo":"{1, 0.13314066748083617}","hasCurveFrom":false,"hasCurveTo":true,"point":"{1, 0.36758193145179957}"},{"_class":"curvePoint","cornerRadius":0,"curveFrom":"{1, 1}","curveMode":1,"curveTo":"{1, 1}","hasCurveFrom":false,"hasCurveTo":false,"point":"{1, 1}"},{"_class":"curvePoint","cornerRadius":0,"curveFrom":"{0.77656077460641659, 1}","curveMode":1,"curveTo":"{0.77656077460641659, 1}","hasCurveFrom":false,"hasCurveTo":false,"point":"{0.77656077460641659, 1}"},{"_class":"curvePoint","cornerRadius":0,"curveFrom":"{0.77656077460641659, 0.24053963912261311}","curveMode":4,"curveTo":"{0.77656077460641659, 0.40478299497414988}","hasCurveFrom":true,"hasCurveTo":false,"point":"{0.77656077460641659, 0.40478299497414988}"},{"_class":"curvePoint","cornerRadius":0,"curveFrom":"{0.3358524674357426, 0.16563330575836391}","curveMode":2,"curveTo":"{0.69422488553723583, 0.16563330575836391}","hasCurveFrom":true,"hasCurveTo":true,"point":"{0.51588170750189699, 0.16563330575836391}"},{"_class":"curvePoint","cornerRadius":0,"curveFrom":"{0.22343919036798982, 0.42072630588877241}","curveMode":4,"curveTo":"{0.22343919036798982, 0.26230786167598497}","hasCurveFrom":false,"hasCurveTo":true,"point":"{0.22343919036798982, 0.42072630588877241}"},{"_class":"curvePoint","cornerRadius":0,"curveFrom":"{0.22343919036798982, 1}","curveMode":1,"curveTo":"{0.22343919036798982, 1}","hasCurveFrom":false,"hasCurveTo":false,"point":"{0.22343919036798982, 1}"},{"_class":"curvePoint","cornerRadius":0,"curveFrom":"{0, 1}","curveMode":1,"curveTo":"{0, 1}","hasCurveFrom":false,"hasCurveTo":false,"point":"{0, 1}"},{"_class":"curvePoint","cornerRadius":0,"curveFrom":"{0, 0.016829054501901284}","curveMode":1,"curveTo":"{0, 0.016829054501901284}","hasCurveFrom":false,"hasCurveTo":false,"point":"{0, 0.016829054501901284}"},{"_class":"curvePoint","cornerRadius":0,"curveFrom":"{0.21467687261097002, 0.016829054501901284}","curveMode":1,"curveTo":"{0.21467687261097002, 0.016829054501901284}","hasCurveFrom":false,"hasCurveTo":false,"point":"{0.21467687261097002, 0.016829054501901284}"},{"_class":"curvePoint","cornerRadius":0,"curveFrom":"{0.2826723729429948, 0.052016666775309757}","curveMode":4,"curveTo":"{0.21467687261097002, 0.15016576413083899}","hasCurveFrom":true,"hasCurveTo":false,"point":"{0.21467687261097002, 0.15016576413083899}"}]},{"_class":"shapePath","do_objectID":"720DEAAA-0FA3-48A9-85FC-9EF271EEB336","booleanOperation":3,"isFixedToViewport":false,"isFlippedHorizontal":false,"isFlippedVertical":false,"isLocked":false,"isVisible":true,"layerListExpandedType":0,"maintainScrollPosition":false,"name":"Ant-Design","nameIsFixed":true,"resizingConstraint":63,"resizingType":0,"rotation":0,"shouldBreakMaskChain":false,"exportOptions":{"_class":"exportOptions","includedLayerIds":[],"layerOptions":0,"shouldTrim":false,"exportFormats":[]},"frame":{"_class":"rect","constrainProportions":false,"height":32.20517257142858,"width":14.21889775120072,"x":59.05102611587977,"y":4.149556940092168},"clippingMaskMode":0,"hasClippingMask":false,"style":{"_class":"style","do_objectID":"192074F4-01F5-43CC-8F03-D22A62363FD1","endMarkerType":0,"miterLimit":10,"startMarkerType":0,"windingRule":0,"blur":{"_class":"blur","isEnabled":false,"center":"{0.5, 0.5}","motionAngle":0,"radius":2.580645161290323,"saturation":1,"type":0},"borderOptions":{"_class":"borderOptions","isEnabled":true,"dashPattern":[],"lineCapStyle":0,"lineJoinStyle":0},"borders":[],"colorControls":{"_class":"colorControls","isEnabled":true,"brightness":0,"contrast":1,"hue":0,"saturation":1},"contextSettings":{"_class":"graphicsContextSettings","blendMode":0,"opacity":1},"fills":[{"_class":"fill","isEnabled":true,"fillType":0,"color":{"_class":"color","alpha":1,"blue":0.15,"green":0.102875,"red":0.0525},"contextSettings":{"_class":"graphicsContextSettings","blendMode":0,"opacity":1},"gradient":{"_class":"gradient","elipseLength":0,"from":"{0.5, 0}","gradientType":0,"to":"{0.5, 1}","stops":[{"_class":"gradientStop","position":0,"color":{"_class":"color","alpha":1,"blue":1,"green":1,"red":1}},{"_class":"gradientStop","position":1,"color":{"_class":"color","alpha":1,"blue":0,"green":0,"red":0}}]},"noiseIndex":0,"noiseIntensity":0,"patternFillType":1,"patternTileScale":1}],"innerShadows":[],"shadows":[]},"edited":true,"isClosed":true,"pointRadiusBehaviour":1,"points":[{"_class":"curvePoint","cornerRadius":0,"curveFrom":"{0.28155337243697581, 0.1997136731526743}","curveMode":1,"curveTo":"{0.28155337243697581, 0.1997136731526743}","hasCurveFrom":false,"hasCurveTo":false,"point":"{0.28155337243697581, 0.1997136731526743}"},{"_class":"curvePoint","cornerRadius":0,"curveFrom":"{0.28155337243697581, 0}","curveMode":1,"curveTo":"{0.28155337243697581, 0}","hasCurveFrom":false,"hasCurveTo":false,"point":"{0.28155337243697581, 0}"},{"_class":"curvePoint","cornerRadius":0,"curveFrom":"{0.61165047438457598, 0}","curveMode":1,"curveTo":"{0.61165047438457598, 0}","hasCurveFrom":false,"hasCurveTo":false,"point":"{0.61165047438457598, 0}"},{"_class":"curvePoint","cornerRadius":0,"curveFrom":"{0.61165047438457598, 0.1997136731526743}","curveMode":1,"curveTo":"{0.61165047438457598, 0.1997136731526743}","hasCurveFrom":false,"hasCurveTo":false,"point":"{0.61165047438457598, 0.1997136731526743}"},{"_class":"curvePoint","cornerRadius":0,"curveFrom":"{1, 0.1997136731526743}","curveMode":1,"curveTo":"{1, 0.1997136731526743}","hasCurveFrom":false,"hasCurveTo":false,"point":"{1, 0.1997136731526743}"},{"_class":"curvePoint","cornerRadius":0,"curveFrom":"{1, 0.32569792326436553}","curveMode":1,"curveTo":"{1, 0.32569792326436553}","hasCurveFrom":false,"hasCurveTo":false,"point":"{1, 0.32569792326436553}"},{"_class":"curvePoint","cornerRadius":0,"curveFrom":"{0.61165047438457598, 0.32569792326436553}","curveMode":1,"curveTo":"{0.61165047438457598, 0.32569792326436553}","hasCurveFrom":false,"hasCurveTo":false,"point":"{0.61165047438457598, 0.32569792326436553}"},{"_class":"curvePoint","cornerRadius":0,"curveFrom":"{0.61165047438457598, 0.83568602482937893}","curveMode":4,"curveTo":"{0.61165047438457598, 0.75089477511827829}","hasCurveFrom":true,"hasCurveTo":false,"point":"{0.61165047438457598, 0.75089477511827829}"},{"_class":"curvePoint","cornerRadius":0,"curveFrom":"{0.89202846074616671, 0.86900501059963109}","curveMode":3,"curveTo":"{0.67831507125406099, 0.86900501059963109}","hasCurveFrom":true,"hasCurveTo":true,"point":"{0.84466016905585972, 0.86900501059963109}"},{"_class":"curvePoint","cornerRadius":0,"curveFrom":"{0.97169340197815501, 0.8661917326648042}","curveMode":4,"curveTo":"{0.91830888256048315, 0.86840574000543003}","hasCurveFrom":false,"hasCurveTo":true,"point":"{0.97169340197815501, 0.8661917326648042}"},{"_class":"curvePoint","cornerRadius":0,"curveFrom":"{1, 0.8650177803650092}","curveMode":1,"curveTo":"{1, 0.8650177803650092}","hasCurveFrom":false,"hasCurveTo":false,"point":"{1, 0.8650177803650092}"},{"_class":"curvePoint","cornerRadius":0,"curveFrom":"{1, 0.99099763469773139}","curveMode":1,"curveTo":"{1, 0.99099763469773139}","hasCurveFrom":false,"hasCurveTo":false,"point":"{1, 0.99099763469773139}"},{"_class":"curvePoint","cornerRadius":0,"curveFrom":"{0.91601078674801806, 0.99755437402867742}","curveMode":4,"curveTo":"{0.97860931879611279, 0.99266752702287386}","hasCurveFrom":true,"hasCurveTo":false,"point":"{0.97860931879611279, 0.99266752702287386}"},{"_class":"curvePoint","cornerRadius":0,"curveFrom":"{0.43730478255098681, 1}","curveMode":3,"curveTo":"{0.86309626652571414, 1}","hasCurveFrom":true,"hasCurveTo":true,"point":"{0.81067958427088627, 1}"},{"_class":"curvePoint","cornerRadius":0,"curveFrom":"{0.28155337243697581, 0.78239083592910008}","curveMode":4,"curveTo":"{0.28155337243697581, 0.93626679812304725}","hasCurveFrom":false,"hasCurveTo":true,"point":"{0.28155337243697581, 0.78239083592910008}"},{"_class":"curvePoint","cornerRadius":0,"curveFrom":"{0.28155337243697581, 0.32569792326436553}","curveMode":1,"curveTo":"{0.28155337243697581, 0.32569792326436553}","hasCurveFrom":false,"hasCurveTo":false,"point":"{0.28155337243697581, 0.32569792326436553}"},{"_class":"curvePoint","cornerRadius":0,"curveFrom":"{0, 0.32569792326436553}","curveMode":1,"curveTo":"{0, 0.32569792326436553}","hasCurveFrom":false,"hasCurveTo":false,"point":"{0, 0.32569792326436553}"},{"_class":"curvePoint","cornerRadius":0,"curveFrom":"{0, 0.1997136731526743}","curveMode":1,"curveTo":"{0, 0.1997136731526743}","hasCurveFrom":false,"hasCurveTo":false,"point":"{0, 0.1997136731526743}"}]},{"_class":"shapePath","do_objectID":"ADDD27F8-C83D-4672-9BA2-32C5CD128C40","booleanOperation":3,"isFixedToViewport":false,"isFlippedHorizontal":false,"isFlippedVertical":false,"isLocked":false,"isVisible":true,"layerListExpandedType":0,"maintainScrollPosition":false,"name":"Ant-Design","nameIsFixed":true,"resizingConstraint":63,"resizingType":0,"rotation":0,"shouldBreakMaskChain":false,"exportOptions":{"_class":"exportOptions","includedLayerIds":[],"layerOptions":0,"shouldTrim":false,"exportFormats":[]},"frame":{"_class":"rect","constrainProportions":false,"height":34.00331391705069,"width":27.79357281920089,"x":92.17323498875373,"y":2.166990820276499},"clippingMaskMode":0,"hasClippingMask":false,"style":{"_class":"style","do_objectID":"238A4B9D-8681-4DC3-AAE6-3CC52AE83A92","endMarkerType":0,"miterLimit":10,"startMarkerType":0,"windingRule":0,"blur":{"_class":"blur","isEnabled":false,"center":"{0.5, 0.5}","motionAngle":0,"radius":2.580645161290323,"saturation":1,"type":0},"borderOptions":{"_class":"borderOptions","isEnabled":true,"dashPattern":[],"lineCapStyle":0,"lineJoinStyle":0},"borders":[],"colorControls":{"_class":"colorControls","isEnabled":true,"brightness":0,"contrast":1,"hue":0,"saturation":1},"contextSettings":{"_class":"graphicsContextSettings","blendMode":0,"opacity":1},"fills":[{"_class":"fill","isEnabled":true,"fillType":0,"color":{"_class":"color","alpha":1,"blue":0.15,"green":0.102875,"red":0.0525},"contextSettings":{"_class":"graphicsContextSettings","blendMode":0,"opacity":1},"gradient":{"_class":"gradient","elipseLength":0,"from":"{0.5, 0}","gradientType":0,"to":"{0.5, 1}","stops":[{"_class":"gradientStop","position":0,"color":{"_class":"color","alpha":1,"blue":1,"green":1,"red":1}},{"_class":"gradientStop","position":1,"color":{"_class":"color","alpha":1,"blue":0,"green":0,"red":0}}]},"noiseIndex":0,"noiseIntensity":0,"patternFillType":1,"patternTileScale":1}],"innerShadows":[],"shadows":[]},"edited":true,"isClosed":true,"pointRadiusBehaviour":1,"points":[{"_class":"curvePoint","cornerRadius":0,"curveFrom":"{0.78505004442425297, 0}","curveMode":4,"curveTo":"{0.42301323208191638, 0}","hasCurveFrom":true,"hasCurveTo":false,"point":"{0.42301323208191638, 0}"},{"_class":"curvePoint","cornerRadius":0,"curveFrom":"{1, 0.81394715997808587}","curveMode":2,"curveTo":"{1, 0.18621829095996273}","hasCurveFrom":true,"hasCurveTo":true,"point":"{1, 0.49966101758864623}"},{"_class":"curvePoint","cornerRadius":0,"curveFrom":"{0.42301323208191638, 1}","curveMode":4,"curveTo":"{0.78568789108146897, 1}","hasCurveFrom":false,"hasCurveTo":true,"point":"{0.42301323208191638, 1}"},{"_class":"curvePoint","cornerRadius":0,"curveFrom":"{0, 1}","curveMode":1,"curveTo":"{0, 1}","hasCurveFrom":false,"hasCurveTo":false,"point":"{0, 1}"},{"_class":"curvePoint","cornerRadius":0,"curveFrom":"{0, 0}","curveMode":1,"curveTo":"{0, 0}","hasCurveFrom":false,"hasCurveTo":false,"point":"{0, 0}"}]},{"_class":"shapePath","do_objectID":"0AE5D6EB-C480-45EE-BAFD-01B622878F92","booleanOperation":3,"isFixedToViewport":false,"isFlippedHorizontal":false,"isFlippedVertical":false,"isLocked":false,"isVisible":true,"layerListExpandedType":0,"maintainScrollPosition":false,"name":"Ant-Design","nameIsFixed":true,"resizingConstraint":63,"resizingType":0,"rotation":0,"shouldBreakMaskChain":false,"exportOptions":{"_class":"exportOptions","includedLayerIds":[],"layerOptions":0,"shouldTrim":false,"exportFormats":[]},"frame":{"_class":"rect","constrainProportions":false,"height":25.0587133640553,"width":17.94618177059432,"x":97.05091450200617,"y":6.639291133640548},"clippingMaskMode":0,"hasClippingMask":false,"style":{"_class":"style","do_objectID":"06D4F82B-E50D-473B-B72D-2EF45EBCCDD8","endMarkerType":0,"miterLimit":10,"startMarkerType":0,"windingRule":0,"blur":{"_class":"blur","isEnabled":false,"center":"{0.5, 0.5}","motionAngle":0,"radius":2.580645161290323,"saturation":1,"type":0},"borderOptions":{"_class":"borderOptions","isEnabled":true,"dashPattern":[],"lineCapStyle":0,"lineJoinStyle":0},"borders":[],"colorControls":{"_class":"colorControls","isEnabled":true,"brightness":0,"contrast":1,"hue":0,"saturation":1},"contextSettings":{"_class":"graphicsContextSettings","blendMode":0,"opacity":1},"fills":[{"_class":"fill","isEnabled":true,"fillType":0,"color":{"_class":"color","alpha":1,"blue":0.15,"green":0.102875,"red":0.0525},"contextSettings":{"_class":"graphicsContextSettings","blendMode":0,"opacity":1},"gradient":{"_class":"gradient","elipseLength":0,"from":"{0.5, 0}","gradientType":0,"to":"{0.5, 1}","stops":[{"_class":"gradientStop","position":0,"color":{"_class":"color","alpha":1,"blue":1,"green":1,"red":1}},{"_class":"gradientStop","position":1,"color":{"_class":"color","alpha":1,"blue":0,"green":0,"red":0}}]},"noiseIndex":0,"noiseIntensity":0,"patternFillType":1,"patternTileScale":1}],"innerShadows":[],"shadows":[]},"edited":true,"isClosed":true,"pointRadiusBehaviour":1,"points":[{"_class":"curvePoint","cornerRadius":0,"curveFrom":"{0, 1}","curveMode":1,"curveTo":"{0, 1}","hasCurveFrom":false,"hasCurveTo":false,"point":"{0, 1}"},{"_class":"curvePoint","cornerRadius":0,"curveFrom":"{0.7685653069984657, 1}","curveMode":4,"curveTo":"{0.36794873949889961, 1}","hasCurveFrom":true,"hasCurveTo":false,"point":"{0.36794873949889961, 1}"},{"_class":"curvePoint","cornerRadius":0,"curveFrom":"{1, 0.18456467215208214}","curveMode":2,"curveTo":"{1, 0.81770379051535524}","hasCurveFrom":true,"hasCurveTo":true,"point":"{1, 0.50137994367072447}"},{"_class":"curvePoint","cornerRadius":0,"curveFrom":"{0.36794873949889961, 0}","curveMode":4,"curveTo":"{0.7665399284750527, 0}","hasCurveFrom":false,"hasCurveTo":true,"point":"{0.36794873949889961, 0}"},{"_class":"curvePoint","cornerRadius":0,"curveFrom":"{0, 0}","curveMode":1,"curveTo":"{0, 0}","hasCurveFrom":false,"hasCurveTo":false,"point":"{0, 0}"}]},{"_class":"shapePath","do_objectID":"CB3B898D-4218-4C64-A968-C74AF5678C0F","booleanOperation":3,"isFixedToViewport":false,"isFlippedHorizontal":false,"isFlippedVertical":false,"isLocked":false,"isVisible":true,"layerListExpandedType":0,"maintainScrollPosition":false,"name":"Ant-Design","nameIsFixed":true,"resizingConstraint":63,"resizingType":0,"rotation":0,"shouldBreakMaskChain":false,"exportOptions":{"_class":"exportOptions","includedLayerIds":[],"layerOptions":0,"shouldTrim":false,"exportFormats":[]},"frame":{"_class":"rect","constrainProportions":false,"height":6.570131834101387,"width":12.88306382118665,"x":129.4515308124123,"y":14.38513076497696},"clippingMaskMode":0,"hasClippingMask":false,"style":{"_class":"style","do_objectID":"1982CD77-BEDC-44A1-B568-F4975ECCA3E7","endMarkerType":0,"miterLimit":10,"startMarkerType":0,"windingRule":0,"blur":{"_class":"blur","isEnabled":false,"center":"{0.5, 0.5}","motionAngle":0,"radius":2.580645161290323,"saturation":1,"type":0},"borderOptions":{"_class":"borderOptions","isEnabled":true,"dashPattern":[],"lineCapStyle":0,"lineJoinStyle":0},"borders":[],"colorControls":{"_class":"colorControls","isEnabled":true,"brightness":0,"contrast":1,"hue":0,"saturation":1},"contextSettings":{"_class":"graphicsContextSettings","blendMode":0,"opacity":1},"fills":[{"_class":"fill","isEnabled":true,"fillType":0,"color":{"_class":"color","alpha":1,"blue":0.15,"green":0.102875,"red":0.0525},"contextSettings":{"_class":"graphicsContextSettings","blendMode":0,"opacity":1},"gradient":{"_class":"gradient","elipseLength":0,"from":"{0.5, 0}","gradientType":0,"to":"{0.5, 1}","stops":[{"_class":"gradientStop","position":0,"color":{"_class":"color","alpha":1,"blue":1,"green":1,"red":1}},{"_class":"gradientStop","position":1,"color":{"_class":"color","alpha":1,"blue":0,"green":0,"red":0}}]},"noiseIndex":0,"noiseIntensity":0,"patternFillType":1,"patternTileScale":1}],"innerShadows":[],"shadows":[]},"edited":true,"isClosed":true,"pointRadiusBehaviour":1,"points":[{"_class":"curvePoint","cornerRadius":0,"curveFrom":"{0.23204864245634488, 0}","curveMode":2,"curveTo":"{0.79339057728879125, 0}","hasCurveFrom":true,"hasCurveTo":true,"point":"{0.51355973119544218, 0}"},{"_class":"curvePoint","cornerRadius":0,"curveFrom":"{0, 1}","curveMode":4,"curveTo":"{0.032516444487541145, 0.39052400724505332}","hasCurveFrom":false,"hasCurveTo":true,"point":"{0, 1}"},{"_class":"curvePoint","cornerRadius":0,"curveFrom":"{0.98262544238365535, 0.39051851948613969}","curveMode":4,"curveTo":"{1, 1}","hasCurveFrom":true,"hasCurveTo":false,"point":"{1, 1}"}]},{"_class":"shapePath","do_objectID":"0E2274E9-56FC-4F7C-944F-DF231E7E3598","booleanOperation":3,"isFixedToViewport":false,"isFlippedHorizontal":false,"isFlippedVertical":false,"isLocked":false,"isVisible":true,"layerListExpandedType":0,"maintainScrollPosition":false,"name":"Ant-Design","nameIsFixed":true,"resizingConstraint":63,"resizingType":0,"rotation":0,"shouldBreakMaskChain":false,"exportOptions":{"_class":"exportOptions","includedLayerIds":[],"layerOptions":0,"shouldTrim":false,"exportFormats":[]},"frame":{"_class":"rect","constrainProportions":false,"height":26.46495211059907,"width":22.68581435432789,"x":124.5637913092474,"y":10.14336140092166},"clippingMaskMode":0,"hasClippingMask":false,"style":{"_class":"style","do_objectID":"FAC7BC0D-E4C6-4801-9B33-6D2F43581718","endMarkerType":0,"miterLimit":10,"startMarkerType":0,"windingRule":0,"blur":{"_class":"blur","isEnabled":false,"center":"{0.5, 0.5}","motionAngle":0,"radius":2.580645161290323,"saturation":1,"type":0},"borderOptions":{"_class":"borderOptions","isEnabled":true,"dashPattern":[],"lineCapStyle":0,"lineJoinStyle":0},"borders":[],"colorControls":{"_class":"colorControls","isEnabled":true,"brightness":0,"contrast":1,"hue":0,"saturation":1},"contextSettings":{"_class":"graphicsContextSettings","blendMode":0,"opacity":1},"fills":[{"_class":"fill","isEnabled":true,"fillType":0,"color":{"_class":"color","alpha":1,"blue":0.15,"green":0.102875,"red":0.0525},"contextSettings":{"_class":"graphicsContextSettings","blendMode":0,"opacity":1},"gradient":{"_class":"gradient","elipseLength":0,"from":"{0.5, 0}","gradientType":0,"to":"{0.5, 1}","stops":[{"_class":"gradientStop","position":0,"color":{"_class":"color","alpha":1,"blue":1,"green":1,"red":1}},{"_class":"gradientStop","position":1,"color":{"_class":"color","alpha":1,"blue":0,"green":0,"red":0}}]},"noiseIndex":0,"noiseIntensity":0,"patternFillType":1,"patternTileScale":1}],"innerShadows":[],"shadows":[]},"edited":true,"isClosed":true,"pointRadiusBehaviour":1,"points":[{"_class":"curvePoint","cornerRadius":0,"curveFrom":"{0.64713763621819154, 0.83972125577269496}","curveMode":3,"curveTo":"{0.33998199027708603, 0.83972125577269496}","hasCurveFrom":true,"hasCurveTo":true,"point":"{0.51318457338962054, 0.83972125577269496}"},{"_class":"curvePoint","cornerRadius":0,"curveFrom":"{0.78046673171529157, 0.72051447683471037}","curveMode":4,"curveTo":"{0.73735347235273996, 0.79868751789567916}","hasCurveFrom":false,"hasCurveTo":true,"point":"{0.78046673171529157, 0.72051447683471037}"},{"_class":"curvePoint","cornerRadius":0,"curveFrom":"{0.78486278410597377, 0.71254355570092665}","curveMode":1,"curveTo":"{0.78486278410597377, 0.71254355570092665}","hasCurveFrom":false,"hasCurveTo":false,"point":"{0.78486278410597377, 0.71254355570092665}"},{"_class":"curvePoint","cornerRadius":0,"curveFrom":"{0.99099121421954139, 0.71254355570092665}","curveMode":1,"curveTo":"{0.99099121421954139, 0.71254355570092665}","hasCurveFrom":false,"hasCurveTo":false,"point":"{0.99099121421954139, 0.71254355570092665}"},{"_class":"curvePoint","cornerRadius":0,"curveFrom":"{0.92984955086773868, 0.89937095777537557}","curveMode":4,"curveTo":"{0.98519583262860422, 0.7302521948005074}","hasCurveFrom":true,"hasCurveTo":false,"point":"{0.98519583262860422, 0.7302521948005074}"},{"_class":"curvePoint","cornerRadius":0,"curveFrom":"{0.19691801197696837, 1}","curveMode":3,"curveTo":"{0.75310820152662616, 1}","hasCurveFrom":true,"hasCurveTo":true,"point":"{0.50912779654624019, 1}"},{"_class":"curvePoint","cornerRadius":0,"curveFrom":"{0, 0.19782472177312843}","curveMode":2,"curveTo":"{0, 0.80573932900563505}","hasCurveFrom":true,"hasCurveTo":true,"point":"{0, 0.50087107988940482}"},{"_class":"curvePoint","cornerRadius":0,"curveFrom":"{0.81316740042314606, 0}","curveMode":2,"curveTo":"{0.19987328653443348, 0}","hasCurveFrom":true,"hasCurveTo":true,"point":"{0.50912779654624019, 0}"},{"_class":"curvePoint","cornerRadius":0,"curveFrom":"{1, 0.48606271759044622}","curveMode":4,"curveTo":"{1, 0.18634157320408903}","hasCurveFrom":false,"hasCurveTo":true,"point":"{1, 0.48606271759044622}"},{"_class":"curvePoint","cornerRadius":0,"curveFrom":"{1, 0.55749129081005078}","curveMode":1,"curveTo":"{1, 0.55749129081005078}","hasCurveFrom":false,"hasCurveTo":false,"point":"{1, 0.55749129081005078}"},{"_class":"curvePoint","cornerRadius":0,"curveFrom":"{0.22604962257581923, 0.73216793115838408}","curveMode":4,"curveTo":"{0.21441867562536582, 0.55749129081005078}","hasCurveFrom":true,"hasCurveTo":false,"point":"{0.21441867562536582, 0.55749129081005078}"}]},{"_class":"shapePath","do_objectID":"B3E38734-C64B-484E-A455-0D27B3D7D5DC","booleanOperation":3,"isFixedToViewport":false,"isFlippedHorizontal":false,"isFlippedVertical":false,"isLocked":false,"isVisible":true,"layerListExpandedType":0,"maintainScrollPosition":false,"name":"Ant-Design","nameIsFixed":true,"resizingConstraint":63,"resizingType":0,"rotation":0,"shouldBreakMaskChain":false,"exportOptions":{"_class":"exportOptions","includedLayerIds":[],"layerOptions":0,"shouldTrim":false,"exportFormats":[]},"frame":{"_class":"rect","constrainProportions":false,"height":26.46495211059907,"width":20.47218027036482,"x":151.368295615364,"y":10.14336140092166},"clippingMaskMode":0,"hasClippingMask":false,"style":{"_class":"style","do_objectID":"2A8032C3-E833-45DC-A46B-6EBC6B95BD10","endMarkerType":0,"miterLimit":10,"startMarkerType":0,"windingRule":0,"blur":{"_class":"blur","isEnabled":false,"center":"{0.5, 0.5}","motionAngle":0,"radius":2.580645161290323,"saturation":1,"type":0},"borderOptions":{"_class":"borderOptions","isEnabled":true,"dashPattern":[],"lineCapStyle":0,"lineJoinStyle":0},"borders":[],"colorControls":{"_class":"colorControls","isEnabled":true,"brightness":0,"contrast":1,"hue":0,"saturation":1},"contextSettings":{"_class":"graphicsContextSettings","blendMode":0,"opacity":1},"fills":[{"_class":"fill","isEnabled":true,"fillType":0,"color":{"_class":"color","alpha":1,"blue":0.15,"green":0.102875,"red":0.0525},"contextSettings":{"_class":"graphicsContextSettings","blendMode":0,"opacity":1},"gradient":{"_class":"gradient","elipseLength":0,"from":"{0.5, 0}","gradientType":0,"to":"{0.5, 1}","stops":[{"_class":"gradientStop","position":0,"color":{"_class":"color","alpha":1,"blue":1,"green":1,"red":1}},{"_class":"gradientStop","position":1,"color":{"_class":"color","alpha":1,"blue":0,"green":0,"red":0}}]},"noiseIndex":0,"noiseIntensity":0,"patternFillType":1,"patternTileScale":1}],"innerShadows":[],"shadows":[]},"edited":true,"isClosed":true,"pointRadiusBehaviour":1,"points":[{"_class":"curvePoint","cornerRadius":0,"curveFrom":"{0.034601712752112594, 0.12301497697970633}","curveMode":3,"curveTo":"{0.034601712752112594, 0.42917672571713}","hasCurveFrom":true,"hasCurveTo":true,"point":"{0.034601712752112594, 0.28745644708512469}"},{"_class":"curvePoint","cornerRadius":0,"curveFrom":"{0.7665898691708799, 0}","curveMode":2,"curveTo":"{0.237853666089098, 0}","hasCurveFrom":true,"hasCurveTo":true,"point":"{0.5043764365837361, 0}"},{"_class":"curvePoint","cornerRadius":0,"curveFrom":"{0.9784966891996506, 0.26388348445206228}","curveMode":4,"curveTo":"{0.95135669426278002, 0.10200108342298171}","hasCurveFrom":false,"hasCurveTo":true,"point":"{0.9784966891996506, 0.26388348445206228}"},{"_class":"curvePoint","cornerRadius":0,"curveFrom":"{0.98113438236800665, 0.27961672668745585}","curveMode":1,"curveTo":"{0.98113438236800665, 0.27961672668745585}","hasCurveFrom":false,"hasCurveTo":false,"point":"{0.98113438236800665, 0.27961672668745585}"},{"_class":"curvePoint","cornerRadius":0,"curveFrom":"{0.75580340655702505, 0.27961672668745585}","curveMode":1,"curveTo":"{0.75580340655702505, 0.27961672668745585}","hasCurveFrom":false,"hasCurveTo":false,"point":"{0.75580340655702505, 0.27961672668745585}"},{"_class":"curvePoint","cornerRadius":0,"curveFrom":"{0.72785898223060386, 0.19863062059522296}","curveMode":4,"curveTo":"{0.75223679025809143, 0.2692803029757429}","hasCurveFrom":true,"hasCurveTo":false,"point":"{0.75223679025809143, 0.2692803029757429}"},{"_class":"curvePoint","cornerRadius":0,"curveFrom":"{0.36502833526423162, 0.15505226489087617}","curveMode":2,"curveTo":"{0.63761855836535419, 0.15505226489087617}","hasCurveFrom":true,"hasCurveTo":true,"point":"{0.50325257868083451, 0.15505226489087617}"},{"_class":"curvePoint","cornerRadius":0,"curveFrom":"{0.26499362508666702, 0.33690606637718046}","curveMode":3,"curveTo":"{0.26499362508666702, 0.20847548174263833}","hasCurveFrom":true,"hasCurveTo":true,"point":"{0.26499362508666702, 0.28135888646626539}"},{"_class":"curvePoint","cornerRadius":0,"curveFrom":"{0.46138659863692355, 0.3993425191549328}","curveMode":4,"curveTo":"{0.32392416059807549, 0.37333566752440744}","hasCurveFrom":false,"hasCurveTo":true,"point":"{0.46138659863692355, 0.3993425191549328}"},{"_class":"curvePoint","cornerRadius":0,"curveFrom":"{0.88759099292096366, 0.47901996671989056}","curveMode":4,"curveTo":"{0.64795470152913115, 0.43418700745900934}","hasCurveFrom":true,"hasCurveTo":false,"point":"{0.64795470152913115, 0.43418700745900934}"},{"_class":"curvePoint","cornerRadius":0,"curveFrom":"{1, 0.87649665884309036}","curveMode":3,"curveTo":"{1, 0.56199674281050294}","hasCurveFrom":true,"hasCurveTo":true,"point":"{1, 0.7020905942420177}"},{"_class":"curvePoint","cornerRadius":0,"curveFrom":"{0.21873758746368102, 1}","curveMode":3,"curveTo":"{0.78511212271460296, 1}","hasCurveFrom":true,"hasCurveTo":true,"point":"{0.49650939532412519, 1}"},{"_class":"curvePoint","cornerRadius":0,"curveFrom":"{0.0021101401589621281, 0.73143626946392315}","curveMode":4,"curveTo":"{0.024578529027381984, 0.89550141923830318}","hasCurveFrom":false,"hasCurveTo":true,"point":"{0.0021101401589621281, 0.73143626946392315}"},{"_class":"curvePoint","cornerRadius":0,"curveFrom":"{0, 0.71602787525854605}","curveMode":1,"curveTo":"{0, 0.71602787525854605}","hasCurveFrom":false,"hasCurveTo":false,"point":"{0, 0.71602787525854605}"},{"_class":"curvePoint","cornerRadius":0,"curveFrom":"{0.23205759114961647, 0.71602787525854605}","curveMode":1,"curveTo":"{0.23205759114961647, 0.71602787525854605}","hasCurveFrom":false,"hasCurveTo":false,"point":"{0.23205759114961647, 0.71602787525854605}"},{"_class":"curvePoint","cornerRadius":0,"curveFrom":"{0.26728022721689026, 0.80169419400217556}","curveMode":4,"curveTo":"{0.23604807557258731, 0.7257333001016828}","hasCurveFrom":true,"hasCurveTo":false,"point":"{0.23604807557258731, 0.7257333001016828}"},{"_class":"curvePoint","cornerRadius":0,"curveFrom":"{0.65813382588385894, 0.84581881639155432}","curveMode":3,"curveTo":"{0.36051238231136534, 0.84581881639155432}","hasCurveFrom":true,"hasCurveTo":true,"point":"{0.50325257868083451, 0.84581881639155432}"},{"_class":"curvePoint","cornerRadius":0,"curveFrom":"{0.7651126201145374, 0.65654182034747177}","curveMode":3,"curveTo":"{0.7651126201145374, 0.79014945976525552}","hasCurveFrom":true,"hasCurveTo":true,"point":"{0.7651126201145374, 0.71341463419730577}"},{"_class":"curvePoint","cornerRadius":0,"curveFrom":"{0.58666385237974972, 0.59455286037176736}","curveMode":4,"curveTo":"{0.70859961360938051, 0.61756389035234738}","hasCurveFrom":false,"hasCurveTo":true,"point":"{0.58666385237974972, 0.59455286037176736}"},{"_class":"curvePoint","cornerRadius":0,"curveFrom":"{0.14188322372085926, 0.51082020901331515}","curveMode":4,"curveTo":"{0.37876023928674574, 0.55535633120572148}","hasCurveFrom":true,"hasCurveTo":false,"point":"{0.37876023928674574, 0.55535633120572148}"}]},{"_class":"shapePath","do_objectID":"DDC42F34-39E2-42E8-A5DF-0762A30CD893","booleanOperation":3,"isFixedToViewport":false,"isFlippedHorizontal":false,"isFlippedVertical":false,"isLocked":false,"isVisible":true,"layerListExpandedType":0,"maintainScrollPosition":false,"name":"Ant-Design","nameIsFixed":true,"resizingConstraint":63,"resizingType":0,"rotation":0,"shouldBreakMaskChain":false,"exportOptions":{"_class":"exportOptions","includedLayerIds":[],"layerOptions":0,"shouldTrim":false,"exportFormats":[]},"frame":{"_class":"rect","constrainProportions":false,"height":25.58893448847926,"width":4.693616940560617,"x":177.3347681076734,"y":10.58137024884792},"clippingMaskMode":0,"hasClippingMask":false,"style":{"_class":"style","do_objectID":"4FF2AFFD-E140-4D77-A341-F75487FC5A78","endMarkerType":0,"miterLimit":10,"startMarkerType":0,"windingRule":0,"blur":{"_class":"blur","isEnabled":false,"center":"{0.5, 0.5}","motionAngle":0,"radius":2.580645161290323,"saturation":1,"type":0},"borderOptions":{"_class":"borderOptions","isEnabled":true,"dashPattern":[],"lineCapStyle":0,"lineJoinStyle":0},"borders":[],"colorControls":{"_class":"colorControls","isEnabled":true,"brightness":0,"contrast":1,"hue":0,"saturation":1},"contextSettings":{"_class":"graphicsContextSettings","blendMode":0,"opacity":1},"fills":[{"_class":"fill","isEnabled":true,"fillType":0,"color":{"_class":"color","alpha":1,"blue":0.15,"green":0.102875,"red":0.0525},"contextSettings":{"_class":"graphicsContextSettings","blendMode":0,"opacity":1},"gradient":{"_class":"gradient","elipseLength":0,"from":"{0.5, 0}","gradientType":0,"to":"{0.5, 1}","stops":[{"_class":"gradientStop","position":0,"color":{"_class":"color","alpha":1,"blue":1,"green":1,"red":1}},{"_class":"gradientStop","position":1,"color":{"_class":"color","alpha":1,"blue":0,"green":0,"red":0}}]},"noiseIndex":0,"noiseIntensity":0,"patternFillType":1,"patternTileScale":1}],"innerShadows":[],"shadows":[]},"edited":true,"isClosed":true,"pointRadiusBehaviour":1,"points":[{"_class":"curvePoint","cornerRadius":0,"curveFrom":"{0, 1}","curveMode":1,"curveTo":"{0, 1}","hasCurveFrom":false,"hasCurveTo":false,"point":"{0, 1}"},{"_class":"curvePoint","cornerRadius":0,"curveFrom":"{0, 0}","curveMode":1,"curveTo":"{0, 0}","hasCurveFrom":false,"hasCurveTo":false,"point":"{0, 0}"},{"_class":"curvePoint","cornerRadius":0,"curveFrom":"{1, 0}","curveMode":1,"curveTo":"{1, 0}","hasCurveFrom":false,"hasCurveTo":false,"point":"{1, 0}"},{"_class":"curvePoint","cornerRadius":0,"curveFrom":"{1, 1}","curveMode":1,"curveTo":"{1, 1}","hasCurveFrom":false,"hasCurveTo":false,"point":"{1, 1}"}]},{"_class":"shapePath","do_objectID":"4D81C297-7ABE-4FCF-9E81-B87592BCD97F","booleanOperation":3,"isFixedToViewport":false,"isFlippedHorizontal":false,"isFlippedVertical":false,"isLocked":false,"isVisible":true,"layerListExpandedType":0,"maintainScrollPosition":false,"name":"Ant-Design","nameIsFixed":true,"resizingConstraint":63,"resizingType":0,"rotation":0,"shouldBreakMaskChain":false,"exportOptions":{"_class":"exportOptions","includedLayerIds":[],"layerOptions":0,"shouldTrim":false,"exportFormats":[]},"frame":{"_class":"rect","constrainProportions":false,"height":6.270441585253455,"width":6.258156165999424,"x":176.552498494954,"y":1.332267629550188e-15},"clippingMaskMode":0,"hasClippingMask":false,"style":{"_class":"style","do_objectID":"B604ED9E-2E4F-4475-9DBB-03B834CEEC13","endMarkerType":0,"miterLimit":10,"startMarkerType":0,"windingRule":0,"blur":{"_class":"blur","isEnabled":false,"center":"{0.5, 0.5}","motionAngle":0,"radius":2.580645161290323,"saturation":1,"type":0},"borderOptions":{"_class":"borderOptions","isEnabled":true,"dashPattern":[],"lineCapStyle":0,"lineJoinStyle":0},"borders":[],"colorControls":{"_class":"colorControls","isEnabled":true,"brightness":0,"contrast":1,"hue":0,"saturation":1},"contextSettings":{"_class":"graphicsContextSettings","blendMode":0,"opacity":1},"fills":[{"_class":"fill","isEnabled":true,"fillType":0,"color":{"_class":"color","alpha":1,"blue":0.15,"green":0.102875,"red":0.0525},"contextSettings":{"_class":"graphicsContextSettings","blendMode":0,"opacity":1},"gradient":{"_class":"gradient","elipseLength":0,"from":"{0.5, 0}","gradientType":0,"to":"{0.5, 1}","stops":[{"_class":"gradientStop","position":0,"color":{"_class":"color","alpha":1,"blue":1,"green":1,"red":1}},{"_class":"gradientStop","position":1,"color":{"_class":"color","alpha":1,"blue":0,"green":0,"red":0}}]},"noiseIndex":0,"noiseIntensity":0,"patternFillType":1,"patternTileScale":1}],"innerShadows":[],"shadows":[]},"edited":true,"isClosed":true,"pointRadiusBehaviour":1,"points":[{"_class":"curvePoint","cornerRadius":0,"curveFrom":"{0.22486562327065396, 1}","curveMode":2,"curveTo":"{0.77513437672934604, 1}","hasCurveFrom":true,"hasCurveTo":true,"point":"{0.49999994121624647, 1}"},{"_class":"curvePoint","cornerRadius":0,"curveFrom":"{0, 0.22486560424399604}","curveMode":2,"curveTo":"{0, 0.77513439575600396}","hasCurveFrom":true,"hasCurveTo":true,"point":"{0, 0.5}"},{"_class":"curvePoint","cornerRadius":0,"curveFrom":"{0.77513437672934604, 0}","curveMode":2,"curveTo":"{0.22486562327065396, 0}","hasCurveFrom":true,"hasCurveTo":true,"point":"{0.49999994121624647, 0}"},{"_class":"curvePoint","cornerRadius":0,"curveFrom":"{1, 0.77513439575600396}","curveMode":2,"curveTo":"{1, 0.22486560424399604}","hasCurveFrom":true,"hasCurveTo":true,"point":"{1, 0.5}"}]},{"_class":"shapePath","do_objectID":"12219CBD-1B09-4D05-8FEE-5BACBB862DCF","booleanOperation":3,"isFixedToViewport":false,"isFlippedHorizontal":false,"isFlippedVertical":false,"isLocked":false,"isVisible":true,"layerListExpandedType":0,"maintainScrollPosition":false,"name":"Ant-Design","nameIsFixed":true,"resizingConstraint":63,"resizingType":0,"rotation":0,"shouldBreakMaskChain":false,"exportOptions":{"_class":"exportOptions","includedLayerIds":[],"layerOptions":0,"shouldTrim":false,"exportFormats":[]},"frame":{"_class":"rect","constrainProportions":false,"height":17.10539583410139,"width":13.80475475537665,"x":192.3543418760139,"y":14.45429006451613},"clippingMaskMode":0,"hasClippingMask":false,"style":{"_class":"style","do_objectID":"5027AB4F-AAFF-4B12-AE1A-C7205E55C9B7","endMarkerType":0,"miterLimit":10,"startMarkerType":0,"windingRule":0,"blur":{"_class":"blur","isEnabled":false,"center":"{0.5, 0.5}","motionAngle":0,"radius":2.580645161290323,"saturation":1,"type":0},"borderOptions":{"_class":"borderOptions","isEnabled":true,"dashPattern":[],"lineCapStyle":0,"lineJoinStyle":0},"borders":[],"colorControls":{"_class":"colorControls","isEnabled":true,"brightness":0,"contrast":1,"hue":0,"saturation":1},"contextSettings":{"_class":"graphicsContextSettings","blendMode":0,"opacity":1},"fills":[{"_class":"fill","isEnabled":true,"fillType":0,"color":{"_class":"color","alpha":1,"blue":0.15,"green":0.102875,"red":0.0525},"contextSettings":{"_class":"graphicsContextSettings","blendMode":0,"opacity":1},"gradient":{"_class":"gradient","elipseLength":0,"from":"{0.5, 0}","gradientType":0,"to":"{0.5, 1}","stops":[{"_class":"gradientStop","position":0,"color":{"_class":"color","alpha":1,"blue":1,"green":1,"red":1}},{"_class":"gradientStop","position":1,"color":{"_class":"color","alpha":1,"blue":0,"green":0,"red":0}}]},"noiseIndex":0,"noiseIntensity":0,"patternFillType":1,"patternTileScale":1}],"innerShadows":[],"shadows":[]},"edited":true,"isClosed":true,"pointRadiusBehaviour":1,"points":[{"_class":"curvePoint","cornerRadius":0,"curveFrom":"{0.80720839299963565, 1}","curveMode":2,"curveTo":"{0.18262834890786447, 1}","hasCurveFrom":true,"hasCurveTo":true,"point":"{0.49333330988252999, 1}"},{"_class":"curvePoint","cornerRadius":0,"curveFrom":"{1, 0.19157985714597994}","curveMode":2,"curveTo":"{1, 0.80902716396631924}","hasCurveFrom":true,"hasCurveTo":true,"point":"{1, 0.49999999784475274}"},{"_class":"curvePoint","cornerRadius":0,"curveFrom":"{0.18262834890786447, 0}","curveMode":2,"curveTo":"{0.80615598493264495, 0}","hasCurveFrom":true,"hasCurveTo":true,"point":"{0.49333330988252999, 0}"},{"_class":"curvePoint","cornerRadius":0,"curveFrom":"{0, 0.8122679103007252}","curveMode":2,"curveTo":"{0, 0.18773208538878036}","hasCurveFrom":true,"hasCurveTo":true,"point":"{0, 0.49999999784475274}"}]},{"_class":"shapePath","do_objectID":"98DF94B2-CB45-4CE9-9234-92940DC0D737","booleanOperation":3,"isFixedToViewport":false,"isFlippedHorizontal":false,"isFlippedVertical":false,"isLocked":false,"isVisible":true,"layerListExpandedType":0,"maintainScrollPosition":false,"name":"Ant-Design","nameIsFixed":true,"resizingConstraint":63,"resizingType":0,"rotation":0,"shouldBreakMaskChain":false,"exportOptions":{"_class":"exportOptions","includedLayerIds":[],"layerOptions":0,"shouldTrim":false,"exportFormats":[]},"frame":{"_class":"rect","constrainProportions":false,"height":35.57092431336407,"width":23.23800427967083,"x":187.5226772701785,"y":10.14336140092166},"clippingMaskMode":0,"hasClippingMask":false,"style":{"_class":"style","do_objectID":"C76F2A72-67BE-421C-B7D6-38104D05821C","endMarkerType":0,"miterLimit":10,"startMarkerType":0,"windingRule":0,"blur":{"_class":"blur","isEnabled":false,"center":"{0.5, 0.5}","motionAngle":0,"radius":2.580645161290323,"saturation":1,"type":0},"borderOptions":{"_class":"borderOptions","isEnabled":true,"dashPattern":[],"lineCapStyle":0,"lineJoinStyle":0},"borders":[],"colorControls":{"_class":"colorControls","isEnabled":true,"brightness":0,"contrast":1,"hue":0,"saturation":1},"contextSettings":{"_class":"graphicsContextSettings","blendMode":0,"opacity":1},"fills":[{"_class":"fill","isEnabled":true,"fillType":0,"color":{"_class":"color","alpha":1,"blue":0.15,"green":0.102875,"red":0.0525},"contextSettings":{"_class":"graphicsContextSettings","blendMode":0,"opacity":1},"gradient":{"_class":"gradient","elipseLength":0,"from":"{0.5, 0}","gradientType":0,"to":"{0.5, 1}","stops":[{"_class":"gradientStop","position":0,"color":{"_class":"color","alpha":1,"blue":1,"green":1,"red":1}},{"_class":"gradientStop","position":1,"color":{"_class":"color","alpha":1,"blue":0,"green":0,"red":0}}]},"noiseIndex":0,"noiseIntensity":0,"patternFillType":1,"patternTileScale":1}],"innerShadows":[],"shadows":[]},"edited":true,"isClosed":true,"pointRadiusBehaviour":1,"points":[{"_class":"curvePoint","cornerRadius":0,"curveFrom":"{0.8059406116771316, 0.01231367630673866}","curveMode":1,"curveTo":"{0.8059406116771316, 0.01231367630673866}","hasCurveFrom":false,"hasCurveTo":false,"point":"{0.8059406116771316, 0.01231367630673866}"},{"_class":"curvePoint","cornerRadius":0,"curveFrom":"{1, 0.01231367630673866}","curveMode":1,"curveTo":"{1, 0.01231367630673866}","hasCurveFrom":false,"hasCurveTo":false,"point":"{1, 0.01231367630673866}"},{"_class":"curvePoint","cornerRadius":0,"curveFrom":"{1, 0.8962611250780349}","curveMode":4,"curveTo":"{1, 0.73363577527672941}","hasCurveFrom":true,"hasCurveTo":false,"point":"{1, 0.73363577527672941}"},{"_class":"curvePoint","cornerRadius":0,"curveFrom":"{0.24901740927610802, 1}","curveMode":3,"curveTo":"{0.80774042380897704, 1}","hasCurveFrom":true,"hasCurveTo":true,"point":"{0.50891088268777451, 1}"},{"_class":"curvePoint","cornerRadius":0,"curveFrom":"{0.045710890489227551, 0.79994331869383395}","curveMode":4,"curveTo":"{0.073236380413636615, 0.92329279212209947}","hasCurveFrom":false,"hasCurveTo":true,"point":"{0.045710890489227551, 0.79994331869383395}"},{"_class":"curvePoint","cornerRadius":0,"curveFrom":"{0.043062511817747347, 0.78807517791660442}","curveMode":1,"curveTo":"{0.043062511817747347, 0.78807517791660442}","hasCurveFrom":false,"hasCurveTo":false,"point":"{0.043062511817747347, 0.78807517791660442}"},{"_class":"curvePoint","cornerRadius":0,"curveFrom":"{0.25437042954735228, 0.78807517791660442}","curveMode":1,"curveTo":"{0.25437042954735228, 0.78807517791660442}","hasCurveFrom":false,"hasCurveTo":false,"point":"{0.25437042954735228, 0.78807517791660442}"},{"_class":"curvePoint","cornerRadius":0,"curveFrom":"{0.27450182453995825, 0.84910723781712549}","curveMode":4,"curveTo":"{0.25706892876777754, 0.79625616705982949}","hasCurveFrom":true,"hasCurveTo":false,"point":"{0.25706892876777754, 0.79625616705982949}"},{"_class":"curvePoint","cornerRadius":0,"curveFrom":"{0.69178050226425825, 0.88204795921957369}","curveMode":3,"curveTo":"{0.3656834511509236, 0.88204795921957369}","hasCurveFrom":true,"hasCurveTo":true,"point":"{0.50891088268777451, 0.88204795921957369}"},{"_class":"curvePoint","cornerRadius":0,"curveFrom":"{0.79801979188605709, 0.72780298058211523}","curveMode":4,"curveTo":"{0.79801979188605709, 0.82467256367024311}","hasCurveFrom":false,"hasCurveTo":true,"point":"{0.79801979188605709, 0.72780298058211523}"},{"_class":"curvePoint","cornerRadius":0,"curveFrom":"{0.72579468774106448, 0.68141748768327159}","curveMode":4,"curveTo":"{0.79801979188605709, 0.61016218452997528}","hasCurveFrom":true,"hasCurveTo":false,"point":"{0.79801979188605709, 0.61016218452997528}"},{"_class":"curvePoint","cornerRadius":0,"curveFrom":"{0.18052338897737949, 0.72132210104282746}","curveMode":3,"curveTo":"{0.6060656249275741, 0.72132210104282746}","hasCurveFrom":true,"hasCurveTo":true,"point":"{0.46336634302870922, 0.72132210104282746}"},{"_class":"curvePoint","cornerRadius":0,"curveFrom":"{0, 0.14483073040003158}","curveMode":2,"curveTo":"{0, 0.57857875662674751}","hasCurveFrom":true,"hasCurveTo":true,"point":"{0, 0.36163318193409771}"},{"_class":"curvePoint","cornerRadius":0,"curveFrom":"{0.60750512635380849, 0}","curveMode":3,"curveTo":"{0.18230062628206262, 0}","hasCurveFrom":true,"hasCurveTo":true,"point":"{0.46336634302870922, 0}"},{"_class":"curvePoint","cornerRadius":0,"curveFrom":"{0.8059406116771316, 0.1131014038098213}","curveMode":4,"curveTo":"{0.7368481526572499, 0.043169530221877847}","hasCurveFrom":false,"hasCurveTo":true,"point":"{0.8059406116771316, 0.1131014038098213}"}]},{"_class":"shapePath","do_objectID":"0F1DEE65-FEBC-4274-82BC-DAA45FDCED70","booleanOperation":3,"isFixedToViewport":false,"isFlippedHorizontal":false,"isFlippedVertical":false,"isLocked":false,"isVisible":true,"layerListExpandedType":0,"maintainScrollPosition":false,"name":"Ant-Design","nameIsFixed":true,"resizingConstraint":63,"resizingType":0,"rotation":0,"shouldBreakMaskChain":false,"exportOptions":{"_class":"exportOptions","includedLayerIds":[],"layerOptions":0,"shouldTrim":false,"exportFormats":[]},"frame":{"_class":"rect","constrainProportions":false,"height":26.02694333640554,"width":21.00623602095669,"x":217.4053700014086,"y":10.14336140092166},"clippingMaskMode":0,"hasClippingMask":false,"style":{"_class":"style","do_objectID":"2F3BE80F-4DD5-494D-B4DD-86A0532A9401","endMarkerType":0,"miterLimit":10,"startMarkerType":0,"windingRule":0,"blur":{"_class":"blur","isEnabled":false,"center":"{0.5, 0.5}","motionAngle":0,"radius":2.580645161290323,"saturation":1,"type":0},"borderOptions":{"_class":"borderOptions","isEnabled":true,"dashPattern":[],"lineCapStyle":0,"lineJoinStyle":0},"borders":[],"colorControls":{"_class":"colorControls","isEnabled":true,"brightness":0,"contrast":1,"hue":0,"saturation":1},"contextSettings":{"_class":"graphicsContextSettings","blendMode":0,"opacity":1},"fills":[{"_class":"fill","isEnabled":true,"fillType":0,"color":{"_class":"color","alpha":1,"blue":0.15,"green":0.102875,"red":0.0525},"contextSettings":{"_class":"graphicsContextSettings","blendMode":0,"opacity":1},"gradient":{"_class":"gradient","elipseLength":0,"from":"{0.5, 0}","gradientType":0,"to":"{0.5, 1}","stops":[{"_class":"gradientStop","position":0,"color":{"_class":"color","alpha":1,"blue":1,"green":1,"red":1}},{"_class":"gradientStop","position":1,"color":{"_class":"color","alpha":1,"blue":0,"green":0,"red":0}}]},"noiseIndex":0,"noiseIntensity":0,"patternFillType":1,"patternTileScale":1}],"innerShadows":[],"shadows":[]},"edited":true,"isClosed":true,"pointRadiusBehaviour":1,"points":[{"_class":"curvePoint","cornerRadius":0,"curveFrom":"{0.84447344485668863, 0}","curveMode":3,"curveTo":"{0.40212101678454398, 0}","hasCurveFrom":true,"hasCurveTo":true,"point":"{0.56955094948777152, 0}"},{"_class":"curvePoint","cornerRadius":0,"curveFrom":"{1, 0.36758193145179957}","curveMode":4,"curveTo":"{1, 0.13314066748083617}","hasCurveFrom":false,"hasCurveTo":true,"point":"{1, 0.36758193145179957}"},{"_class":"curvePoint","cornerRadius":0,"curveFrom":"{1, 1}","curveMode":1,"curveTo":"{1, 1}","hasCurveFrom":false,"hasCurveTo":false,"point":"{1, 1}"},{"_class":"curvePoint","cornerRadius":0,"curveFrom":"{0.77656078243250881, 1}","curveMode":1,"curveTo":"{0.77656078243250881, 1}","hasCurveFrom":false,"hasCurveTo":false,"point":"{0.77656078243250881, 1}"},{"_class":"curvePoint","cornerRadius":0,"curveFrom":"{0.77656078243250881, 0.24053963912261311}","curveMode":4,"curveTo":"{0.77656078243250881, 0.40478299497414988}","hasCurveFrom":true,"hasCurveTo":false,"point":"{0.77656078243250881, 0.40478299497414988}"},{"_class":"curvePoint","cornerRadius":0,"curveFrom":"{0.33585249069790341, 0.16563330575836391}","curveMode":2,"curveTo":"{0.6942248962471893, 0.16563330575836391}","hasCurveFrom":true,"hasCurveTo":true,"point":"{0.51588172445842706, 0.16563330575836391}"},{"_class":"curvePoint","cornerRadius":0,"curveFrom":"{0.22343921756749122, 0.42072630588877241}","curveMode":4,"curveTo":"{0.22343921756749122, 0.26230786167598497}","hasCurveFrom":false,"hasCurveTo":true,"point":"{0.22343921756749122, 0.42072630588877241}"},{"_class":"curvePoint","cornerRadius":0,"curveFrom":"{0.22343921756749122, 1}","curveMode":1,"curveTo":"{0.22343921756749122, 1}","hasCurveFrom":false,"hasCurveTo":false,"point":"{0.22343921756749122, 1}"},{"_class":"curvePoint","cornerRadius":0,"curveFrom":"{0, 1}","curveMode":1,"curveTo":"{0, 1}","hasCurveFrom":false,"hasCurveTo":false,"point":"{0, 1}"},{"_class":"curvePoint","cornerRadius":0,"curveFrom":"{0, 0.016829054501901284}","curveMode":1,"curveTo":"{0, 0.016829054501901284}","hasCurveFrom":false,"hasCurveTo":false,"point":"{0, 0.016829054501901284}"},{"_class":"curvePoint","cornerRadius":0,"curveFrom":"{0.21467690011737778, 0.016829054501901284}","curveMode":1,"curveTo":"{0.21467690011737778, 0.016829054501901284}","hasCurveFrom":false,"hasCurveTo":false,"point":"{0.21467690011737778, 0.016829054501901284}"},{"_class":"curvePoint","cornerRadius":0,"curveFrom":"{0.28267239806781991, 0.052016666775309757}","curveMode":4,"curveTo":"{0.21467690011737778, 0.15016576413083899}","hasCurveFrom":true,"hasCurveTo":false,"point":"{0.21467690011737778, 0.15016576413083899}"}]}],"windingRule":0}],"includeInCloudUpload":true,"horizontalRulerData":{"_class":"rulerData","base":-379,"guides":[]},"verticalRulerData":{"_class":"rulerData","base":-352,"guides":[]}}