{"_class":"document","do_objectID":"692D47B0-1126-4928-9B4F-7A196B650F60","colorSpace":0,"currentPageIndex":2,"assets":{"_class":"assetCollection","do_objectID":"B9E333F9-A7A1-4A68-BB10-A5213B0D24F5","images":[],"colorAssets":[],"exportPresets":[],"gradientAssets":[],"imageCollection":{"_class":"imageCollection","images":{}},"colors":[],"gradients":[]},"foreignLayerStyles":[],"foreignSymbols":[],"foreignTextStyles":[],"layerStyles":{"_class":"sharedStyleContainer","objects":[]},"layerSymbols":{"_class":"symbolContainer","objects":[]},"layerTextStyles":{"_class":"sharedTextStyleContainer","objects":[]},"pages":[{"_class":"MSJSONFileReference","_ref_class":"MSImmutablePage","_ref":"pages\/5A32F4E5-306D-41B2-BF6E-073A7AA4ABEB"},{"_class":"MSJSONFileReference","_ref_class":"MSImmutablePage","_ref":"pages\/A8F8BCB1-0105-4D89-ABDA-8179B62C0670"},{"_class":"MSJSONFileReference","_ref_class":"MSImmutablePage","_ref":"pages\/A938932F-C24E-404F-85A9-EC3E4A7EFCA8"}]}