{"_class":"page","do_objectID":"6A1BC7B7-954C-427C-8102-8056E4A0C4D0","booleanOperation":-1,"isFixedToViewport":false,"isFlippedHorizontal":false,"isFlippedVertical":false,"isLocked":false,"isVisible":true,"layerListExpandedType":0,"maintainScrollPosition":false,"name":"Page 2","nameIsFixed":false,"resizingConstraint":63,"resizingType":0,"rotation":0,"shouldBreakMaskChain":false,"exportOptions":{"_class":"exportOptions","includedLayerIds":[],"layerOptions":0,"shouldTrim":false,"exportFormats":[]},"frame":{"_class":"rect","constrainProportions":false,"height":0,"width":0,"x":0,"y":0},"clippingMaskMode":0,"hasClippingMask":false,"style":{"_class":"style","do_objectID":"9FF38A2C-FE73-47F0-A473-5BC48864CC8C","endMarkerType":0,"miterLimit":10,"startMarkerType":0,"windingRule":1,"blur":{"_class":"blur","isEnabled":false,"center":"{0.5, 0.5}","motionAngle":0,"radius":10,"saturation":1,"type":0},"borderOptions":{"_class":"borderOptions","isEnabled":true,"dashPattern":[],"lineCapStyle":0,"lineJoinStyle":0},"borders":[],"colorControls":{"_class":"colorControls","isEnabled":false,"brightness":0,"contrast":1,"hue":0,"saturation":1},"contextSettings":{"_class":"graphicsContextSettings","blendMode":0,"opacity":1},"fills":[],"innerShadows":[],"shadows":[]},"hasClickThrough":true,"groupLayout":{"_class":"MSImmutableFreeformGroupLayout"},"layers":[{"_class":"rectangle","do_objectID":"3A5E2890-5448-46C6-91A0-73F288181979","booleanOperation":-1,"isFixedToViewport":false,"isFlippedHorizontal":false,"isFlippedVertical":false,"isLocked":false,"isVisible":true,"layerListExpandedType":0,"maintainScrollPosition":false,"name":"Rectangle","nameIsFixed":false,"resizingConstraint":63,"resizingType":0,"rotation":0,"shouldBreakMaskChain":false,"exportOptions":{"_class":"exportOptions","includedLayerIds":[],"layerOptions":0,"shouldTrim":false,"exportFormats":[]},"frame":{"_class":"rect","constrainProportions":false,"height":113,"width":169,"x":-225,"y":-188},"clippingMaskMode":0,"hasClippingMask":false,"style":{"_class":"style","do_objectID":"DC61CD63-9493-459D-8ACA-1A03640CE4DB","endMarkerType":0,"miterLimit":10,"startMarkerType":0,"windingRule":1,"blur":{"_class":"blur","isEnabled":false,"center":"{0.5, 0.5}","motionAngle":0,"radius":10,"saturation":1,"type":0},"borderOptions":{"_class":"borderOptions","isEnabled":true,"dashPattern":[],"lineCapStyle":0,"lineJoinStyle":1},"borders":[{"_class":"border","isEnabled":true,"fillType":1,"color":{"_class":"color","alpha":1,"blue":0.592,"green":0.592,"red":0.592},"contextSettings":{"_class":"graphicsContextSettings","blendMode":0,"opacity":1},"gradient":{"_class":"gradient","elipseLength":0,"from":"{0.5, 0}","gradientType":2,"to":"{0.5, 1}","stops":[{"_class":"gradientStop","position":0,"color":{"_class":"color","alpha":1,"blue":0.05292166166821318,"green":0.05292166166821318,"red":0.9230072463768116}},{"_class":"gradientStop","position":0.4256228885135135,"color":{"_class":"color","alpha":1,"blue":0.07359488096622081,"green":0.7019927536231884,"red":0.0700387587265818}},{"_class":"gradientStop","position":1,"color":{"_class":"color","alpha":1,"blue":0,"green":0,"red":0}}]},"position":1,"thickness":6},{"_class":"border","isEnabled":true,"fillType":1,"color":{"_class":"color","alpha":1,"blue":0.592,"green":0.592,"red":0.592},"contextSettings":{"_class":"graphicsContextSettings","blendMode":0,"opacity":1},"gradient":{"_class":"gradient","elipseLength":0,"from":"{0.5, 0}","gradientType":2,"to":"{0.5, 1}","stops":[{"_class":"gradientStop","position":0,"color":{"_class":"color","alpha":1,"blue":0.1303009432337233,"green":0.6701483242753623,"red":0.2247683362339619}},{"_class":"gradientStop","position":0.4091796875,"color":{"_class":"color","alpha":1,"blue":0.6082701206852021,"green":0.2148132216344667,"red":0.6690443840579711}},{"_class":"gradientStop","position":0.6670449746621622,"color":{"_class":"color","alpha":1,"blue":0.1118198679293285,"green":0.1283468987705314,"red":0.8757359601449275}},{"_class":"gradientStop","position":1,"color":{"_class":"color","alpha":1,"blue":0,"green":0,"red":0}}]},"position":2,"thickness":6},{"_class":"border","isEnabled":true,"fillType":0,"color":{"_class":"color","alpha":1,"blue":0.592,"green":0.592,"red":0.592},"contextSettings":{"_class":"graphicsContextSettings","blendMode":0,"opacity":1},"gradient":{"_class":"gradient","elipseLength":0,"from":"{0.5, 0}","gradientType":0,"to":"{0.5, 1}","stops":[{"_class":"gradientStop","position":0,"color":{"_class":"color","alpha":1,"blue":1,"green":1,"red":1}},{"_class":"gradientStop","position":1,"color":{"_class":"color","alpha":1,"blue":0,"green":0,"red":0}}]},"position":0,"thickness":4}],"colorControls":{"_class":"colorControls","isEnabled":false,"brightness":0,"contrast":1,"hue":0,"saturation":1},"contextSettings":{"_class":"graphicsContextSettings","blendMode":0,"opacity":1},"fills":[{"_class":"fill","isEnabled":true,"fillType":0,"color":{"_class":"color","alpha":1,"blue":0,"green":0.7098039215686275,"red":0.9686274509803922},"contextSettings":{"_class":"graphicsContextSettings","blendMode":0,"opacity":1},"gradient":{"_class":"gradient","elipseLength":0,"from":"{0.5, 0}","gradientType":0,"to":"{0.5, 1}","stops":[{"_class":"gradientStop","position":0,"color":{"_class":"color","alpha":1,"blue":1,"green":1,"red":1}},{"_class":"gradientStop","position":1,"color":{"_class":"color","alpha":1,"blue":0,"green":0,"red":0}}]},"noiseIndex":0,"noiseIntensity":0,"patternFillType":1,"patternTileScale":1},{"_class":"fill","isEnabled":true,"fillType":1,"color":{"_class":"color","alpha":1,"blue":0.847,"green":0.847,"red":0.847},"contextSettings":{"_class":"graphicsContextSettings","blendMode":0,"opacity":0.7},"gradient":{"_class":"gradient","elipseLength":0,"from":"{0.5, 0}","gradientType":2,"to":"{0.5, 1}","stops":[{"_class":"gradientStop","position":0,"color":{"_class":"color","alpha":0.5,"blue":0.6647830422415925,"green":0.6647830422415925,"red":0.7751641757246377}},{"_class":"gradientStop","position":0.559596706081081,"color":{"_class":"color","alpha":0.5,"blue":0.1104795874618903,"green":0.1104795874618903,"red":0.8002717391304348}},{"_class":"gradientStop","position":1,"color":{"_class":"color","alpha":0.5,"blue":0.1446881962732699,"green":0.7930536684782609,"red":0.06156441778545036}}]},"noiseIndex":0,"noiseIntensity":0,"patternFillType":1,"patternTileScale":1},{"_class":"fill","isEnabled":false,"fillType":1,"color":{"_class":"color","alpha":1,"blue":0.847,"green":0.847,"red":0.847},"contextSettings":{"_class":"graphicsContextSettings","blendMode":0,"opacity":1},"gradient":{"_class":"gradient","elipseLength":0,"from":"{0.5, 0}","gradientType":0,"to":"{0.5, 1}","stops":[{"_class":"gradientStop","position":0,"color":{"_class":"color","alpha":0.5,"blue":1,"green":1,"red":1}},{"_class":"gradientStop","position":1,"color":{"_class":"color","alpha":0.5,"blue":0,"green":0,"red":0}}]},"noiseIndex":0,"noiseIntensity":0,"patternFillType":1,"patternTileScale":1}],"innerShadows":[{"_class":"innerShadow","isEnabled":true,"blurRadius":3,"offsetX":13,"offsetY":1,"spread":0,"color":{"_class":"color","alpha":1,"blue":0.8784313725490196,"green":0.1254901960784314,"red":0.7137254901960784},"contextSettings":{"_class":"graphicsContextSettings","blendMode":0,"opacity":1}},{"_class":"innerShadow","isEnabled":true,"blurRadius":8,"offsetX":20,"offsetY":17,"spread":5,"color":{"_class":"color","alpha":0.5,"blue":0.03119841461343447,"green":0.03119841461343447,"red":0.9345278532608695},"contextSettings":{"_class":"graphicsContextSettings","blendMode":0,"opacity":1}}],"shadows":[{"_class":"shadow","isEnabled":true,"blurRadius":20,"offsetX":10,"offsetY":20,"spread":20,"color":{"_class":"color","alpha":0.5,"blue":0.8757642663043478,"green":0.06307905729097626,"red":0.1654638962324554},"contextSettings":{"_class":"graphicsContextSettings","blendMode":0,"opacity":1}},{"_class":"shadow","isEnabled":false,"blurRadius":4,"offsetX":0,"offsetY":2,"spread":0,"color":{"_class":"color","alpha":0.5,"blue":0,"green":0,"red":0},"contextSettings":{"_class":"graphicsContextSettings","blendMode":0,"opacity":1}}]},"edited":false,"isClosed":true,"pointRadiusBehaviour":1,"points":[{"_class":"curvePoint","cornerRadius":0,"curveFrom":"{0, 0}","curveMode":1,"curveTo":"{0, 0}","hasCurveFrom":false,"hasCurveTo":false,"point":"{0, 0}"},{"_class":"curvePoint","cornerRadius":0,"curveFrom":"{1, 0}","curveMode":1,"curveTo":"{1, 0}","hasCurveFrom":false,"hasCurveTo":false,"point":"{1, 0}"},{"_class":"curvePoint","cornerRadius":0,"curveFrom":"{1, 1}","curveMode":1,"curveTo":"{1, 1}","hasCurveFrom":false,"hasCurveTo":false,"point":"{1, 1}"},{"_class":"curvePoint","cornerRadius":0,"curveFrom":"{0, 1}","curveMode":1,"curveTo":"{0, 1}","hasCurveFrom":false,"hasCurveTo":false,"point":"{0, 1}"}],"fixedRadius":0,"needsConvertionToNewRoundCorners":false,"hasConvertedToNewRoundCorners":true},{"_class":"rectangle","do_objectID":"6F4F6674-6A6D-43F4-9CDF-20744BD617C0","booleanOperation":-1,"isFixedToViewport":false,"isFlippedHorizontal":false,"isFlippedVertical":false,"isLocked":false,"isVisible":true,"layerListExpandedType":0,"maintainScrollPosition":false,"name":"Rectangle","nameIsFixed":false,"resizingConstraint":63,"resizingType":0,"rotation":0,"shouldBreakMaskChain":false,"exportOptions":{"_class":"exportOptions","includedLayerIds":[],"layerOptions":0,"shouldTrim":false,"exportFormats":[]},"frame":{"_class":"rect","constrainProportions":false,"height":113,"width":169,"x":-225,"y":-13},"clippingMaskMode":0,"hasClippingMask":false,"style":{"_class":"style","do_objectID":"9F07BA67-2BDA-40A9-A770-FD0E35662372","endMarkerType":0,"miterLimit":10,"startMarkerType":0,"windingRule":1,"blur":{"_class":"blur","isEnabled":true,"center":"{0.5, 0.5}","motionAngle":0,"radius":16,"saturation":1,"type":0},"borderOptions":{"_class":"borderOptions","isEnabled":true,"dashPattern":[],"lineCapStyle":0,"lineJoinStyle":1},"borders":[{"_class":"border","isEnabled":true,"fillType":1,"color":{"_class":"color","alpha":1,"blue":0.592,"green":0.592,"red":0.592},"contextSettings":{"_class":"graphicsContextSettings","blendMode":0,"opacity":1},"gradient":{"_class":"gradient","elipseLength":0,"from":"{0.5, 0}","gradientType":2,"to":"{0.5, 1}","stops":[{"_class":"gradientStop","position":0,"color":{"_class":"color","alpha":1,"blue":0.05292166166821318,"green":0.05292166166821318,"red":0.9230072463768116}},{"_class":"gradientStop","position":0.4256228885135135,"color":{"_class":"color","alpha":1,"blue":0.07359488096622081,"green":0.7019927536231884,"red":0.0700387587265818}},{"_class":"gradientStop","position":1,"color":{"_class":"color","alpha":1,"blue":0,"green":0,"red":0}}]},"position":1,"thickness":6},{"_class":"border","isEnabled":true,"fillType":1,"color":{"_class":"color","alpha":1,"blue":0.592,"green":0.592,"red":0.592},"contextSettings":{"_class":"graphicsContextSettings","blendMode":0,"opacity":1},"gradient":{"_class":"gradient","elipseLength":0,"from":"{0.5, 0}","gradientType":2,"to":"{0.5, 1}","stops":[{"_class":"gradientStop","position":0,"color":{"_class":"color","alpha":1,"blue":0.1303009432337233,"green":0.6701483242753623,"red":0.2247683362339619}},{"_class":"gradientStop","position":0.4091796875,"color":{"_class":"color","alpha":1,"blue":0.6082701206852021,"green":0.2148132216344667,"red":0.6690443840579711}},{"_class":"gradientStop","position":0.6670449746621622,"color":{"_class":"color","alpha":1,"blue":0.1118198679293285,"green":0.1283468987705314,"red":0.8757359601449275}},{"_class":"gradientStop","position":1,"color":{"_class":"color","alpha":1,"blue":0,"green":0,"red":0}}]},"position":2,"thickness":6},{"_class":"border","isEnabled":true,"fillType":0,"color":{"_class":"color","alpha":1,"blue":0.592,"green":0.592,"red":0.592},"contextSettings":{"_class":"graphicsContextSettings","blendMode":0,"opacity":1},"gradient":{"_class":"gradient","elipseLength":0,"from":"{0.5, 0}","gradientType":0,"to":"{0.5, 1}","stops":[{"_class":"gradientStop","position":0,"color":{"_class":"color","alpha":1,"blue":1,"green":1,"red":1}},{"_class":"gradientStop","position":1,"color":{"_class":"color","alpha":1,"blue":0,"green":0,"red":0}}]},"position":0,"thickness":4}],"colorControls":{"_class":"colorControls","isEnabled":false,"brightness":0,"contrast":1,"hue":0,"saturation":1},"contextSettings":{"_class":"graphicsContextSettings","blendMode":0,"opacity":1},"fills":[{"_class":"fill","isEnabled":true,"fillType":0,"color":{"_class":"color","alpha":1,"blue":0,"green":0.7098039215686275,"red":0.9686274509803922},"contextSettings":{"_class":"graphicsContextSettings","blendMode":0,"opacity":1},"gradient":{"_class":"gradient","elipseLength":0,"from":"{0.5, 0}","gradientType":0,"to":"{0.5, 1}","stops":[{"_class":"gradientStop","position":0,"color":{"_class":"color","alpha":1,"blue":1,"green":1,"red":1}},{"_class":"gradientStop","position":1,"color":{"_class":"color","alpha":1,"blue":0,"green":0,"red":0}}]},"noiseIndex":0,"noiseIntensity":0,"patternFillType":1,"patternTileScale":1},{"_class":"fill","isEnabled":true,"fillType":1,"color":{"_class":"color","alpha":1,"blue":0.847,"green":0.847,"red":0.847},"contextSettings":{"_class":"graphicsContextSettings","blendMode":0,"opacity":0.7},"gradient":{"_class":"gradient","elipseLength":0,"from":"{0.5, 0}","gradientType":2,"to":"{0.5, 1}","stops":[{"_class":"gradientStop","position":0,"color":{"_class":"color","alpha":0.5,"blue":0.6647830422415925,"green":0.6647830422415925,"red":0.7751641757246377}},{"_class":"gradientStop","position":0.559596706081081,"color":{"_class":"color","alpha":0.5,"blue":0.1104795874618903,"green":0.1104795874618903,"red":0.8002717391304348}},{"_class":"gradientStop","position":1,"color":{"_class":"color","alpha":0.5,"blue":0.1446881962732699,"green":0.7930536684782609,"red":0.06156441778545036}}]},"noiseIndex":0,"noiseIntensity":0,"patternFillType":1,"patternTileScale":1},{"_class":"fill","isEnabled":false,"fillType":1,"color":{"_class":"color","alpha":1,"blue":0.847,"green":0.847,"red":0.847},"contextSettings":{"_class":"graphicsContextSettings","blendMode":0,"opacity":1},"gradient":{"_class":"gradient","elipseLength":0,"from":"{0.5, 0}","gradientType":0,"to":"{0.5, 1}","stops":[{"_class":"gradientStop","position":0,"color":{"_class":"color","alpha":0.5,"blue":1,"green":1,"red":1}},{"_class":"gradientStop","position":1,"color":{"_class":"color","alpha":0.5,"blue":0,"green":0,"red":0}}]},"noiseIndex":0,"noiseIntensity":0,"patternFillType":1,"patternTileScale":1}],"innerShadows":[{"_class":"innerShadow","isEnabled":true,"blurRadius":3,"offsetX":13,"offsetY":1,"spread":0,"color":{"_class":"color","alpha":1,"blue":0.8784313725490196,"green":0.1254901960784314,"red":0.7137254901960784},"contextSettings":{"_class":"graphicsContextSettings","blendMode":0,"opacity":1}},{"_class":"innerShadow","isEnabled":true,"blurRadius":8,"offsetX":20,"offsetY":17,"spread":5,"color":{"_class":"color","alpha":0.5,"blue":0.03119841461343447,"green":0.03119841461343447,"red":0.9345278532608695},"contextSettings":{"_class":"graphicsContextSettings","blendMode":0,"opacity":1}}],"shadows":[{"_class":"shadow","isEnabled":true,"blurRadius":20,"offsetX":10,"offsetY":20,"spread":20,"color":{"_class":"color","alpha":0.5,"blue":0.8757642663043478,"green":0.06307905729097626,"red":0.1654638962324554},"contextSettings":{"_class":"graphicsContextSettings","blendMode":0,"opacity":1}},{"_class":"shadow","isEnabled":false,"blurRadius":4,"offsetX":0,"offsetY":2,"spread":0,"color":{"_class":"color","alpha":0.5,"blue":0,"green":0,"red":0},"contextSettings":{"_class":"graphicsContextSettings","blendMode":0,"opacity":1}}]},"edited":false,"isClosed":true,"pointRadiusBehaviour":1,"points":[{"_class":"curvePoint","cornerRadius":0,"curveFrom":"{0, 0}","curveMode":1,"curveTo":"{0, 0}","hasCurveFrom":false,"hasCurveTo":false,"point":"{0, 0}"},{"_class":"curvePoint","cornerRadius":0,"curveFrom":"{1, 0}","curveMode":1,"curveTo":"{1, 0}","hasCurveFrom":false,"hasCurveTo":false,"point":"{1, 0}"},{"_class":"curvePoint","cornerRadius":0,"curveFrom":"{1, 1}","curveMode":1,"curveTo":"{1, 1}","hasCurveFrom":false,"hasCurveTo":false,"point":"{1, 1}"},{"_class":"curvePoint","cornerRadius":0,"curveFrom":"{0, 1}","curveMode":1,"curveTo":"{0, 1}","hasCurveFrom":false,"hasCurveTo":false,"point":"{0, 1}"}],"fixedRadius":0,"needsConvertionToNewRoundCorners":false,"hasConvertedToNewRoundCorners":true}],"includeInCloudUpload":true,"horizontalRulerData":{"_class":"rulerData","base":-379,"guides":[]},"verticalRulerData":{"_class":"rulerData","base":-352,"guides":[]}}